<?xml version="1.0" encoding="UTF-8"?>
<DistanceMatrixResponse>
 <status>OK</status>
 <origin_address>Bulevardul Tudor Vladimirescu 40-42, Iași 700259, România</origin_address>
 <destination_address>Strada George Enescu 7-9, Pașcani, România</destination_address>
 <row>
  <element>
   <status>OK</status>
   <duration>
    <value>4536</value>
    <text>1 oră 16 min</text>
   </duration>
   <distance>
    <value>73065</value>
    <text>73,1 km</text>
   </distance>
  </element>
 </row>
</DistanceMatrixResponse>
