<?xml version="1.0" encoding="UTF-8"?>
<DirectionsResponse>
 <status>OK</status>
 <route>
  <summary>DN28/E583 și DN28A</summary>
  <leg>
   <step>
    <travel_mode>DRIVING</travel_mode>
    <start_location>
     <lat>47.1584747</lat>
     <lng>27.6014858</lng>
    </start_location>
    <end_location>
     <lat>47.1588880</lat>
     <lng>27.6010707</lng>
    </end_location>
    <polyline>
     <points>msy~Gi|mgDk@j@GF_@^</points>
    </polyline>
    <duration>
     <value>16</value>
     <text>1 min</text>
    </duration>
    <html_instructions>Mergeți spre &lt;b&gt;nord-vest&lt;/b&gt; pe &lt;b&gt;Bulevardul Tudor Vladimirescu&lt;/b&gt;/&lt;b&gt;DN24&lt;/b&gt;/&lt;b&gt;E58&lt;/b&gt;/&lt;b&gt;E583&lt;/b&gt; către &lt;b&gt;Strada Elena Doamna&lt;/b&gt;</html_instructions>
    <distance>
     <value>56</value>
     <text>56 m</text>
    </distance>
   </step>
   <step>
    <travel_mode>DRIVING</travel_mode>
    <start_location>
     <lat>47.1588880</lat>
     <lng>27.6010707</lng>
    </start_location>
    <end_location>
     <lat>47.1642078</lat>
     <lng>27.5917406</lng>
    </end_location>
    <polyline>
     <points>avy~GuymgDJZFPBJBJ@T@JANANELELCDABIJMPe@v@QVc@r@Yh@Uf@Ud@Wn@Uj@Sj@Mb@Ob@]nASp@GPK^IVM^O`@OZQZ[h@]d@q@bASXUXIJcB~@OJaAn@IHIHyAjBIJINYl@Wx@ELOb@m@|AWv@Of@Qf@</points>
    </polyline>
    <duration>
     <value>199</value>
     <text>3 min</text>
    </duration>
    <html_instructions>Virați &lt;b&gt;la stânga&lt;/b&gt; pe &lt;b&gt;Strada Elena Doamna&lt;/b&gt;/&lt;b&gt;Strada Smârdan&lt;/b&gt;&lt;div style=&quot;font-size:0.9em&quot;&gt;Țineți pe Strada Elena Doamna&lt;/div&gt;</html_instructions>
    <distance>
     <value>965</value>
     <text>1,0 km</text>
    </distance>
    <maneuver>turn-left</maneuver>
   </step>
   <step>
    <travel_mode>DRIVING</travel_mode>
    <start_location>
     <lat>47.1642078</lat>
     <lng>27.5917406</lng>
    </start_location>
    <end_location>
     <lat>47.1655208</lat>
     <lng>27.5904142</lng>
    </end_location>
    <polyline>
     <points>iwz~Gk_lgDGTELAJALAJ?J@RC@]RaAh@{BnASN</points>
    </polyline>
    <duration>
     <value>49</value>
     <text>1 min</text>
    </duration>
    <html_instructions>Continuați pe &lt;b&gt;Strada Sărărie&lt;/b&gt;</html_instructions>
    <distance>
     <value>191</value>
     <text>0,2 km</text>
    </distance>
   </step>
   <step>
    <travel_mode>DRIVING</travel_mode>
    <start_location>
     <lat>47.1655208</lat>
     <lng>27.5904142</lng>
    </start_location>
    <end_location>
     <lat>47.1687481</lat>
     <lng>27.5787372</lng>
    </end_location>
    <polyline>
     <points>o_{~GawkgDMr@OfACJq@lE_AbGe@rCAJO|@o@~DObAqA~HG^Mt@Kt@]tBg@vCEVQx@IXWz@ETCHADW~@Mb@CFQl@c@xAYdA</points>
    </polyline>
    <duration>
     <value>171</value>
     <text>3 min</text>
    </duration>
    <html_instructions>Virați &lt;b&gt;la stânga&lt;/b&gt; pe &lt;b&gt;Bulevardul Independenței&lt;/b&gt;</html_instructions>
    <distance>
     <value>955</value>
     <text>1,0 km</text>
    </distance>
    <maneuver>turn-left</maneuver>
   </step>
   <step>
    <travel_mode>DRIVING</travel_mode>
    <start_location>
     <lat>47.1687481</lat>
     <lng>27.5787372</lng>
    </start_location>
    <end_location>
     <lat>47.1700039</lat>
     <lng>27.5748226</lng>
    </end_location>
    <polyline>
     <points>us{~GcnigDoAzEGVOd@Of@O\IPIRg@pAAFMb@ADG\Ed@CVQhD</points>
    </polyline>
    <duration>
     <value>36</value>
     <text>1 min</text>
    </duration>
    <html_instructions>Rămâneți pe partea &lt;b&gt;stângă&lt;/b&gt; pentru a continua pe &lt;b&gt;Pasajul Mihai Eminescu&lt;/b&gt;</html_instructions>
    <distance>
     <value>332</value>
     <text>0,3 km</text>
    </distance>
    <maneuver>keep-left</maneuver>
   </step>
   <step>
    <travel_mode>DRIVING</travel_mode>
    <start_location>
     <lat>47.1700039</lat>
     <lng>27.5748226</lng>
    </start_location>
    <end_location>
     <lat>47.1743634</lat>
     <lng>27.5516383</lng>
    </end_location>
    <polyline>
     <points>o{{~GsuhgDAPGf@ADOdAQz@CF_@~AIb@ADg@lEIv@Gd@WfBu@fF]dCSpAERm@nCUr@m@tB}@rCIVI`@MtAAd@@j@B^FVLz@Ll@@P?B@BB`@@R?FATKx@Mn@q@hCQp@Kb@k@nCe@pB[tAIp@E^CREn@MvAQ~Ba@|EQzBKjAK|AI|AE|@E`BUpFCj@ItCK`DCv@</points>
    </polyline>
    <duration>
     <value>251</value>
     <text>4 min</text>
    </duration>
    <html_instructions>Intrați pe &lt;b&gt;Strada Păcurari&lt;/b&gt;</html_instructions>
    <distance>
     <value>1852</value>
     <text>1,9 km</text>
    </distance>
    <maneuver>merge</maneuver>
   </step>
   <step>
    <travel_mode>DRIVING</travel_mode>
    <start_location>
     <lat>47.1743634</lat>
     <lng>27.5516383</lng>
    </start_location>
    <end_location>
     <lat>47.1809738</lat>
     <lng>27.4725875</lng>
    </end_location>
    <polyline>
     <points>wv|~GwddgDCp@AFU~FCt@Cp@?ZCrAO`KA~@MnHM~GAn@?hA?jADt@H~@L|@R`A^lALd@dAtD\pAJ`@Ff@DX@P@JF~@NtBH|AVvDBPNdCBb@Fx@V|DB\@N@XAP?J@ND|@PtCA@A?A@A@?@A@A@?BA@?@?@AB?@?@?BA@?B@@?@?B?@?@?@@@?@@B?@@@?@@@@@@@?@@?@@@@@?@@@?@?B\JbBJlBDp@@D@B@BDH@XBtABbA?F@p@@fB?~B?|B@~CB|EBrBBrHJxQ@jDBnFDpGAj@?DCjAItAAREj@EDABABAPOtB_@hFCZIjAEh@[zDA?A?A@A?A@CB?@A@A@A@?@A@?BA@?BA@?B?@?B?@?B?@?B?@@B?@@B?@@B@@?@@@@@@@OxCQrBK`BOzBCb@]dF?T?D@FAVu@fIi@nFGz@u@xH_@bEIv@CP_@pEMvAMtAO~AGj@MbA[dCs@lFmAdJoAlJMdAk@fECPe@pDQjAw@bGg@nDOZIl@mEn[eA~H?H?F?PM|@SrAOhAwClTQpAILABCLWnBQlAQlASzAQpAm@`Fe@hD</points>
    </polyline>
    <duration>
     <value>511</value>
     <text>9 min</text>
    </duration>
    <html_instructions>Continuați pe &lt;b&gt;Șoseaua Păcurari&lt;/b&gt;</html_instructions>
    <distance>
     <value>6182</value>
     <text>6,2 km</text>
    </distance>
   </step>
   <step>
    <travel_mode>DRIVING</travel_mode>
    <start_location>
     <lat>47.1809738</lat>
     <lng>27.4725875</lng>
    </start_location>
    <end_location>
     <lat>47.2041711</lat>
     <lng>27.0072951</lng>
    </end_location>
    <polyline>
     <points>a`~~GuvtfDA@A?A@?@A??@A??@A@?@?@A@?@?@?@?@?@?@?@?@?@?@?@@@?@?@@??@?@mCpRIl@QnAWpBAH?D@NCPIr@uAvKsAhKsHfl@CPKRADWhBS~AOlAe@bEgA`JY|B]rCk@~DmCrS?DAD?F?F?@?@@?kAzIoEb]g@~DEFA@CFk@pEu@pFu@|F?@?B?D@F?@Gb@eC`RIl@Mr@UdAQp@GFA@?@GR_AhDOj@aBzG?B?F?B?B?@]vAmDdNuBlI}AjGk@xBERGTi@rBcBzGi@tBQr@e@jB]tA_AbEIp@CZCfAEjCSdO?d@GbHATQxREjEAl@IhIG|HA`@EhFCdDC`BGrBG`AGf@Kx@Kj@Sx@Ql@Sr@mAnDYz@Wz@s@tBGPoCfIa@jAe@vAs@zBITSn@uDdLgBjFiAlDyBvGuAdEuEpNILGJGP_@nAYz@EPIZ_@zAc@fCc@nCu@nESdAmAxG[jBe@xC?D?@AD?D?B?HeB|JYbBe@vCg@vCm@hDyA~IkAtG_A`Gs@`Ec@`Cs@jE}@bFoB|K_AnFm@pD_@rBEX_ApFyAzI_@vBuA|Ic@lCUtAs@hEADaAhGu@~Du@rEcAhGo@zDi@bDMp@Mz@O`AWrBSpBWrCSxB]lDa@pEOfBUhCCFA??BA@?B?@Eh@E^SfCUxBAHKx@M|@SbAq@pCCLIZGZA^eAnE_AzDk@bCqArFiAzEoAlFs@`DKNEHIRQr@Qn@k@zBs@`DGXGb@O|@Il@Ed@Gp@Cz@CjAClA?h@?J?HFX?NCpACbDGjEA|@IrGGjGGnFGdG?x@EtD[jYCLAB?B?@AH?F?BEdC?pA?nA@`@Bb@JfAJdARzANvAFj@DN@D@BFLRxANlAR|A^jCZhCh@xDXvBR|A`@zCJz@pA|J`A|Hr@dG^dDj@lEHl@PlAPtAHp@p@hFh@hETxBV|BT|BHj@f@rEd@zCNbA`@~BBNtAzHb@bC?B^rBLp@DZZpBh@nE?Dn@jFRxAFj@Fh@t@`H`ArITlB`@hDDZpAlKHx@@BJfAPxAJjA@\@\@j@?X?j@ClAGlAI|@E`@O`AUjAQ`Ai@zCSfAoArGaAxEWjAoF~WK\Kj@Sz@o@fDQv@iAnFWfAw@~Di@nCUfASdAYtBy@vHwAzLwAxL{ArMeBrOSfCO~ASbDM|A]dHInBE~@IrEEpH?rAAhE?dC?xC?\?p@DdJFxH?L@zGBrBBvBDlFDbF@ZB|DBpCD|I@rC@tG?n@@VBlF@zA@nBAL?B?FAJ@N@bC?lBAt@Cl@Cb@C`@E\EXMn@YrAo@fCo@lCERELAF?FAJsAxFcBbHs@xCaB|Gq@xCiAxEq@pCy@nDaFnSo@nCcClKW|A[|BQrASrBk@nHc@`Fu@pIEj@S~BI~@Ef@GVADADANa@hEK`BSnBCd@Ad@An@?J?b@?R@VBXBXHf@@HBHBNDRNh@Xt@h@bANVLTFJDFBBBBFFz@hBp@tAh@fAn@tAf@hAJRZr@BD@D@H?DBDHPR`@Vh@xAbDRn@Nr@Jr@D~@?jACfAg@rIGfA?X?\CTI|AMjBQhCAP_@hGo@hLEd@ADADAD?FGf@KbAAVI~AGlACt@Ap@?v@AdB?rA@nA@t@DlEDtC?J?B@BBXFfF?jD@tDFdEDvD@fB@bABn@JrBP|BJvAH|@VzDVzDVjDXpDTfD?N?F?D?HZtE\dFl@fI@HBFDLFx@`@bGd@|G^rFZfEF|@PfC^fFVvDPjCHnCDpCB~CF|BBvBFtDFxDBbC?RDhB?HB`B@lA@t@BvBCJ?B?BBfADzCAfB@XFlB@dAAv@@~A@TDhAFx@Hl@XfBTfAPz@RfAZ|AVlAV~ABJBRFXDf@Dh@D|@?R@lA?D@xA?lB?J?n@?L?J@H@PApD?~CA~B?vCA|B?rC?xDCdFCfDIv@Ef@It@WfBa@fCa@dC_@dCUlAUhA]~AUfAUfASbAIh@KhACh@EjA?J?hC?nA?xK@zGAzAAx@C`ACv@C\QjDI|ACl@WtEWfEMpCa@tHUjEOtCEx@OjCOzCIzAEpAAdA?|@@lAD`BDp@Dt@FhAFhAJpBHzAJpBZjG\bHPnCNvCDn@RlENhCDx@PfETdEBh@PtDL|BDz@DhABVFzAN|CJjBLlCL~BHjBDbA\|GDv@Dv@D~@LlCPlDFvAPfDBt@N|CBd@TzE@NBb@Dv@LrCPdDXxGTpEZ~G@JFpARbEN|C`@~IB^HfBTnE?Ff@|JThFF|ABv@?N?dAAREz@G`AEp@MzAKbAGt@C^Eb@Ch@GzA?BAx@AX?l@@n@D|AJvBBRJxAHtAHpAPdCPfCPjCEN?B?@?B?@HpAPnCJlATjBH^F\Nd@J\L\h@hABFn@bAj@z@\h@tAvBLR@?@@@@@?JBrBdD|DhGf@t@d@r@dAvAHLJLVZ@@hAlAx@r@z@h@FD^^VVJLRXNZL\bAvFbDzQn@zCvAzGx@rDLr@J^H^r@tCb@lBRt@~@jDVt@Tn@^x@b@x@d@n@nA~ApA`BJN~@|A`AdBbAhBPXzBbEb@z@RZLVb@j@</points>
    </polyline>
    <duration>
     <value>1889</value>
     <text>31 min</text>
    </duration>
    <html_instructions>La sensul giratoriu, continuați drept pe &lt;b&gt;DN28&lt;/b&gt;/&lt;b&gt;E58&lt;/b&gt;/&lt;b&gt;E583&lt;/b&gt;&lt;div style=&quot;font-size:0.9em&quot;&gt;Țineți pe DN28/E583&lt;/div&gt;</html_instructions>
    <distance>
     <value>37313</value>
     <text>37,3 km</text>
    </distance>
    <maneuver>roundabout-right</maneuver>
   </step>
   <step>
    <travel_mode>DRIVING</travel_mode>
    <start_location>
     <lat>47.2041711</lat>
     <lng>27.0072951</lng>
    </start_location>
    <end_location>
     <lat>47.2440647</lat>
     <lng>26.7264935</lng>
    </end_location>
    <polyline>
     <points>aqb_HszycDERAB?B?BA@@D?B?D@D@F@FBPNl@Rx@p@tCJd@DT@D@D?F@D?F?F?F?HAF?HAHAFCJEXI`@EVG^CPALANALAPYhGC^IbBMdC[hGYdGC^YlF[jGARYxF]jGa@bIUtE[nG]vGCb@Ch@Ez@CbA?@K|CGbCOjFQ`HAJ?JAHAJCRCPALETWpAmFlVG\i@dCq@dDu@lDa@vBsAhHmAhGo@bDWfAa@hBOn@Qn@YjA_@rA[jAU|@K\i@pBW|@Ur@K\KXg@rAwGdQsBxFsAtD_AhCCFQj@eAdDKZyCbKW~@mCdJiIbYa@vA{BxH{ClKkCdJmCbJaAjDcAhDi@bB}AlFK^Ql@aCdIkCfJmChJiArDkApDkApDmAnDM`@oAxDcB|EkErLqCzH_@bAUp@_AjCyBlGuWdv@oAxD_@fAa@fAa@dAQb@Q^O\Q\Q\OZU\QXQ\UZa@l@k@v@oAbBcBzB_AlAaIpKyAjB_BvBwCzD_@f@kBdCu@`AYb@KNKRMTMVMTMVKXKVKXKXGRGTGVGTMl@Ml@Kv@CLCXCTE\C\SdDQbDOvCc@bIeCje@aAtRSlE{@vPk@dK]xFSrDEt@EpACbAE|AI`DK`FCtAC~@IvDInCMzCItBWpGWjGMdCMdCw@hNCb@I~@CTCREVGZG\Md@St@a@rASp@Sr@Ux@Mf@ERKd@I`@G\G`@Eb@Il@Ef@Ej@Ch@Ad@AX?L?b@?pB?nB@rB@b@@`@@^Bd@B\DXBXF^Jd@Jb@Ld@Nb@FLDLBFDHFLFLLVV^PXbBjC|AbClBxClEdHj@z@\n@NTLXHTFTDRHZRjAF`@DZBZDb@B^Bb@@\@^F~BPdG?TH|B@TFlBJzCFbBNnFLlDDhA@P@RDV@F@NBHBJBJBJDHBJJRHNBFFJJLFHHFFFJFNJXPvAz@@@j@\n@b@FDPLFFFFDFHNHNBFDHFT@@FXFZBPBL@H@L?L@P?\?X@fA@b@@R@NBLD\@FBHFPDP`@bAXt@xAnDRd@@FDJDNBJ@JBP@P@N?H?J?N?JALANAHAJCNCPETSfASdAGXGVCFCHEJADCBGNIJEFEDGDGDGDq@ZGBWLMFEDC@GFEDCBCBADABCDAFCFADAFAH?JANAPAN?LANCLANCTGTERGTGR]dAu@`Cc@vACJCF?@AFAFAF?F?F?N@L@HBH@H@BHRFLn@tALXdAzB\r@hB|Dh@fAR`@vCbGzChG`DpG|CjG|BzE|BzE\r@f@~@hAtBp@nALTLVJZFNFPH\FXFVD^DZBZBR@V@R@V?V?R?XATAVCTCTCXCRGVIf@Kd@Md@Md@mC~H{AjEc@dAe@dAuCtGmBnEy@dB[j@c@t@cCtEeCvEgBjDe@~@GNIPGNGPKZI`@GZERCTERCXAVCVATAXAT?V?n@?t@LnK?jA?X?TAP?NATAJALATCXCPCNCNCTCFAJK`@IZGRGNGR}@fCO`@Wr@wBbG_EfLcEbL_K`Ye@nAg@tA[|@_AtCELELCNCJCJAJ?@A@IRABAFCLEhAAHA\?\?F?J?V@^@V?J@H?\@PFd@BNDRHZDNDNHZDNFNL`@JV?@@@FFd@hAb@fARj@Vr@HVHZHZFXP`AH^Db@Fb@D`@D\@R@P@N@P@\@`@@\?\?b@?`@A\AT?RGrAGpAEnAElAAnA@lA?BBnF@lC@lCBnF@vBBxBBhADhADfAHhAJdAJdALdALdA^xBb@tBPr@FVJ\f@hBz@zCV|@Ln@Jd@Db@D^@`@@^?XAX?TAVE^E`@EVERGVGRIVITIRKTMPORQTKLOLOJg@^OJcFxCcAn@_@XIHURe@d@GH[d@c@n@_@r@}BbFUh@MVmAvCUf@Sf@Uf@Sf@Uf@Sf@Uf@Uf@GNGNINGNGNINGNGNYn@KVK\KZIZIVI^Ib@Kf@Id@Gf@In@Ed@ATEr@Ct@C~@SlKGbC?p@Ap@?j@@f@@p@?VB\B^@H@HBTDf@DXBVDTDXFZFZNn@Nn@JXDNHPJZP`@`A~BlDbIxG`PjAxCj@|A^`AHX`D~Ix@|Bx@|BFRf@pABJBHBHDVBND\D\BVBVBh@@H?H?JATKpM</points>
    </polyline>
    <duration>
     <value>1251</value>
     <text>21 min</text>
    </duration>
    <html_instructions>Virați &lt;b&gt;la dreapta&lt;/b&gt; pe &lt;b&gt;Strada Eternității&lt;/b&gt;/&lt;b&gt;DN28A&lt;/b&gt;&lt;div style=&quot;font-size:0.9em&quot;&gt;Țineți pe DN28A&lt;/div&gt;</html_instructions>
    <distance>
     <value>24414</value>
     <text>24,4 km</text>
    </distance>
    <maneuver>turn-right</maneuver>
   </step>
   <step>
    <travel_mode>DRIVING</travel_mode>
    <start_location>
     <lat>47.2440647</lat>
     <lng>26.7264935</lng>
    </start_location>
    <end_location>
     <lat>47.2418887</lat>
     <lng>26.7259169</lng>
    </end_location>
    <polyline>
     <points>kjj_Hq_cbDAh@RMDAFCBAFAB?D?P@B?@?JEj@HL@B?fDj@`@LnA\</points>
    </polyline>
    <duration>
     <value>37</value>
     <text>1 min</text>
    </duration>
    <html_instructions>Virați &lt;b&gt;la stânga&lt;/b&gt; pe &lt;b&gt;Strada Ștefan cel Mare&lt;/b&gt;/&lt;b&gt;DJ208&lt;/b&gt;</html_instructions>
    <distance>
     <value>265</value>
     <text>0,3 km</text>
    </distance>
    <maneuver>turn-left</maneuver>
   </step>
   <step>
    <travel_mode>DRIVING</travel_mode>
    <start_location>
     <lat>47.2418887</lat>
     <lng>26.7259169</lng>
    </start_location>
    <end_location>
     <lat>47.2417344</lat>
     <lng>26.7232930</lng>
    </end_location>
    <polyline>
     <points>y|i_H_|bbDAd@BnANlELhE</points>
    </polyline>
    <duration>
     <value>35</value>
     <text>1 min</text>
    </duration>
    <html_instructions>Virați &lt;b&gt;la dreapta&lt;/b&gt; pe &lt;b&gt;Strada George Enescu&lt;/b&gt;&lt;div style=&quot;font-size:0.9em&quot;&gt;Destinația va fi pe stânga&lt;/div&gt;</html_instructions>
    <distance>
     <value>199</value>
     <text>0,2 km</text>
    </distance>
    <maneuver>turn-right</maneuver>
   </step>
   <duration>
    <value>4445</value>
    <text>1 oră 14 min</text>
   </duration>
   <distance>
    <value>72724</value>
    <text>72,7 km</text>
   </distance>
   <start_location>
    <lat>47.1584747</lat>
    <lng>27.6014858</lng>
   </start_location>
   <end_location>
    <lat>47.2417344</lat>
    <lng>26.7232930</lng>
   </end_location>
   <start_address>Tudor Vladimirescu, Iași, România</start_address>
   <end_address>Pașcani, România</end_address>
  </leg>
  <copyrights>Date hartă ©2018 Google</copyrights>
  <overview_polyline>
   <points>msy~Gi|mgDs@r@_@^JZJ\D`@Gx@Ub@iBtC}AfDmCrIw@tB}BnDi@r@mBjAeBnAgCtD{AhEmApE@^a@T}DxBa@bAeCdPgB|KoEtXeBxGkEvOeBdF]xFk@nDo@pCqArKmBrMoDlMc@tDZ~CTzCwE`TmBfUgAdU}@pWs@zf@\~FfCjJv@tDZrE|AfVZjHQb@Ld@LFf@nHN|DB`H^x{@?nKWzCiAjOi@bEIPBl@YvG}@bPkFlk@_Fva@eH~h@YhAsGne@M`BmE|[g@nC_DvUILaEl[mNvhAy@bFwCpVyEd_@mIrn@uCvUeDfVq@`CyDvOqMjh@uIt]W`H]dZw@l|@[~H}@lEaKvZyQpj@eK`[eHj`@}PpdAyWv}AgJtj@wD|_@c@fEq@jH_BlIWdBcGbWyEzRs@`CoBzIg@bEK~FF~@s@to@i@|a@EbFP|EhAlIvOfnAlE~^fB~M~CnQhDxVxExa@hBrO`@`FA~Dg@nF_Oju@gG|YmBrKeI`s@yBzSc@bG{@rPQbX?nJb@fs@Zjt@CtIS|BuCjM}Nfn@oM|i@yAbLwDnc@mAbOArBRrBNv@bBzDxCxFpDdI`@~@pBlEb@bBPrBCrCo@rMeCta@e@|FMlF@~HXdXPzSb@dJlCb`@xGx_ArAzTTfP^jXHlOZ~NjDlRT`BLhEBlHCfa@WlNeBjLsDzRUjE@n[KnGc@tI{Clk@a@nKL~GpBx`@xBvb@lDlt@hEb~@xBfe@rA~XJjF{@xLS~IxAxVf@hKr@vFrAjDdF~HbCjDpIjMn@x@fEpDvA~A\x@fFrYnE~SlBbI`CfIbArBtBnC~EtHtFbK`@r@b@j@ERAFADBTVnA|AdHEdAi@nDoBba@kDlq@wAt[s@rUuJ~d@sJ~e@kEfPuR~h@qVbz@cWb|@mTxt@wF|PaNp_@yc@`qAoCpFkT~YyPbUgBzDsAdGkAzQyK~tBs@bYwBbk@iAbRYdBuCjKaAlHEpN^|FlA`EvJvOfHfLd@xA|@hHrB`o@\zA~@vArFlDfArAh@`CHdF`AtDzCfIDrB{@jFk@hBgBjAeAr@Sv@MxByChKM|@\`B`NjYfZhm@xAxC`@xA`@fEOxDa@xBeGvQmIpR}F|KaIbPk@dEF~SIvCe@vCsd@jqA_@xAQpDF`Dv@pDtBfFlBjH`@nE@tF[xNZ`c@f@|G~AzJzDbONdCC`B{@fEs@nA}@|@_JtFeB|AgBrCoF|LiD~HcA~BeBxFy@jI]zXZ`EjAxFbS~e@zKzZd@zCErRd@Ub@?vFp@pBj@@tB\vK</points>
  </overview_polyline>
  <bounds>
   <southwest>
    <lat>47.1584747</lat>
    <lng>26.7232930</lng>
   </southwest>
   <northeast>
    <lat>47.2500343</lat>
    <lng>27.6014858</lng>
   </northeast>
  </bounds>
 </route>
 <geocoded_waypoint>
  <geocoder_status>OK</geocoder_status>
  <type>neighborhood</type>
  <type>political</type>
  <place_id>ChIJL-lh2ZH7ykARYxr2hfOUGrw</place_id>
 </geocoded_waypoint>
 <geocoded_waypoint>
  <geocoder_status>OK</geocoder_status>
  <type>locality</type>
  <type>political</type>
  <place_id>ChIJ0Z-7pKczNUcRw8OJwA8PVqY</place_id>
 </geocoded_waypoint>
</DirectionsResponse>
