<?xml version="1.0" encoding="UTF-8"?>
<GeocodeResponse>
 <status>OK</status>
 <result>
  <type>locality</type>
  <type>political</type>
  <formatted_address>Adjud 625100, România</formatted_address>
  <address_component>
   <long_name>Adjud</long_name>
   <short_name>Adjud</short_name>
   <type>locality</type>
   <type>political</type>
  </address_component>
  <address_component>
   <long_name>Municipiul Adjud</long_name>
   <short_name>Municipiul Adjud</short_name>
   <type>administrative_area_level_2</type>
   <type>political</type>
  </address_component>
  <address_component>
   <long_name>Județul Vrancea</long_name>
   <short_name>VN</short_name>
   <type>administrative_area_level_1</type>
   <type>political</type>
  </address_component>
  <address_component>
   <long_name>România</long_name>
   <short_name>RO</short_name>
   <type>country</type>
   <type>political</type>
  </address_component>
  <address_component>
   <long_name>625100</long_name>
   <short_name>625100</short_name>
   <type>postal_code</type>
  </address_component>
  <geometry>
   <location>
    <lat>46.0961957</lat>
    <lng>27.1821895</lng>
   </location>
   <location_type>APPROXIMATE</location_type>
   <viewport>
    <southwest>
     <lat>46.0874598</lat>
     <lng>27.1653700</lng>
    </southwest>
    <northeast>
     <lat>46.1154906</lat>
     <lng>27.1999167</lng>
    </northeast>
   </viewport>
   <bounds>
    <southwest>
     <lat>46.0874598</lat>
     <lng>27.1653700</lng>
    </southwest>
    <northeast>
     <lat>46.1154906</lat>
     <lng>27.1999167</lng>
    </northeast>
   </bounds>
  </geometry>
  <place_id>ChIJfRqQdty1tUARfrOFUD9jCD8</place_id>
 </result>
</GeocodeResponse>
