<?xml version="1.0" encoding="UTF-8"?>
<GeocodeResponse>
 <status>OK</status>
 <result>
  <type>political</type>
  <formatted_address>Anchorage School District, Anchorage, AK, Statele Unite ale Americii</formatted_address>
  <address_component>
   <long_name>Anchorage School District</long_name>
   <short_name>Anchorage School District</short_name>
   <type>political</type>
  </address_component>
  <address_component>
   <long_name>Anchorage</long_name>
   <short_name>Anchorage</short_name>
   <type>locality</type>
   <type>political</type>
  </address_component>
  <address_component>
   <long_name>Anchorage</long_name>
   <short_name>Anchorage</short_name>
   <type>administrative_area_level_2</type>
   <type>political</type>
  </address_component>
  <address_component>
   <long_name>Alaska</long_name>
   <short_name>AK</short_name>
   <type>administrative_area_level_1</type>
   <type>political</type>
  </address_component>
  <address_component>
   <long_name>Statele Unite ale Americii</long_name>
   <short_name>US</short_name>
   <type>country</type>
   <type>political</type>
  </address_component>
  <geometry>
   <location>
    <lat>61.0530310</lat>
    <lng>-149.0558969</lng>
   </location>
   <location_type>APPROXIMATE</location_type>
   <viewport>
    <southwest>
     <lat>60.7337910</lat>
     <lng>-150.0754511</lng>
    </southwest>
    <northeast>
     <lat>61.4838980</lat>
     <lng>-148.4600069</lng>
    </northeast>
   </viewport>
   <bounds>
    <southwest>
     <lat>60.7337910</lat>
     <lng>-150.0754511</lng>
    </southwest>
    <northeast>
     <lat>61.4838980</lat>
     <lng>-148.4600069</lng>
    </northeast>
   </bounds>
  </geometry>
  <place_id>ChIJUbfgAyBgyFYRDM7nvWI2q6U</place_id>
 </result>
 <result>
  <type>political</type>
  <formatted_address>Armstrong School District, PA, Statele Unite ale Americii</formatted_address>
  <address_component>
   <long_name>Armstrong School District</long_name>
   <short_name>Armstrong School District</short_name>
   <type>political</type>
  </address_component>
  <address_component>
   <long_name>Pennsylvania</long_name>
   <short_name>PA</short_name>
   <type>administrative_area_level_1</type>
   <type>political</type>
  </address_component>
  <address_component>
   <long_name>Statele Unite ale Americii</long_name>
   <short_name>US</short_name>
   <type>country</type>
   <type>political</type>
  </address_component>
  <geometry>
   <location>
    <lat>40.8348832</lat>
    <lng>-79.4253776</lng>
   </location>
   <location_type>APPROXIMATE</location_type>
   <viewport>
    <southwest>
     <lat>40.5683650</lat>
     <lng>-79.6919700</lng>
    </southwest>
    <northeast>
     <lat>40.9858509</lat>
     <lng>-79.1011060</lng>
    </northeast>
   </viewport>
   <bounds>
    <southwest>
     <lat>40.5683650</lat>
     <lng>-79.6919700</lng>
    </southwest>
    <northeast>
     <lat>40.9858509</lat>
     <lng>-79.1011060</lng>
    </northeast>
   </bounds>
  </geometry>
  <place_id>ChIJAcTUnXlVM4gRbwd9ufiG6H4</place_id>
 </result>
 <result>
  <type>political</type>
  <formatted_address>Allentown School District, PA, Statele Unite ale Americii</formatted_address>
  <address_component>
   <long_name>Allentown School District</long_name>
   <short_name>Allentown School District</short_name>
   <type>political</type>
  </address_component>
  <address_component>
   <long_name>Lehigh County</long_name>
   <short_name>Lehigh County</short_name>
   <type>administrative_area_level_2</type>
   <type>political</type>
  </address_component>
  <address_component>
   <long_name>Pennsylvania</long_name>
   <short_name>PA</short_name>
   <type>administrative_area_level_1</type>
   <type>political</type>
  </address_component>
  <address_component>
   <long_name>Statele Unite ale Americii</long_name>
   <short_name>US</short_name>
   <type>country</type>
   <type>political</type>
  </address_component>
  <geometry>
   <location>
    <lat>40.5888481</lat>
    <lng>-75.4694285</lng>
   </location>
   <location_type>APPROXIMATE</location_type>
   <viewport>
    <southwest>
     <lat>40.5494971</lat>
     <lng>-75.5469291</lng>
    </southwest>
    <northeast>
     <lat>40.6359970</lat>
     <lng>-75.4195250</lng>
    </northeast>
   </viewport>
   <bounds>
    <southwest>
     <lat>40.5494971</lat>
     <lng>-75.5469291</lng>
    </southwest>
    <northeast>
     <lat>40.6359970</lat>
     <lng>-75.4195250</lng>
    </northeast>
   </bounds>
  </geometry>
  <place_id>ChIJPZMxA9c7xIkR253_jsmHzq4</place_id>
 </result>
</GeocodeResponse>
