<?xml version="1.0" encoding="UTF-8"?>
<GeocodeResponse>
 <status>OK</status>
 <result>
  <type>locality</type>
  <type>political</type>
  <formatted_address>Bacău, România</formatted_address>
  <address_component>
   <long_name>Bacău</long_name>
   <short_name>Bacău</short_name>
   <type>locality</type>
   <type>political</type>
  </address_component>
  <address_component>
   <long_name>Municipiul Bacău</long_name>
   <short_name>Municipiul Bacău</short_name>
   <type>administrative_area_level_2</type>
   <type>political</type>
  </address_component>
  <address_component>
   <long_name>Județul Bacău</long_name>
   <short_name>BC</short_name>
   <type>administrative_area_level_1</type>
   <type>political</type>
  </address_component>
  <address_component>
   <long_name>România</long_name>
   <short_name>RO</short_name>
   <type>country</type>
   <type>political</type>
  </address_component>
  <geometry>
   <location>
    <lat>46.5670437</lat>
    <lng>26.9145748</lng>
   </location>
   <location_type>APPROXIMATE</location_type>
   <viewport>
    <southwest>
     <lat>46.5073649</lat>
     <lng>26.8629241</lng>
    </southwest>
    <northeast>
     <lat>46.6207201</lat>
     <lng>26.9547951</lng>
    </northeast>
   </viewport>
   <bounds>
    <southwest>
     <lat>46.5073649</lat>
     <lng>26.8629241</lng>
    </southwest>
    <northeast>
     <lat>46.6207201</lat>
     <lng>26.9547951</lng>
    </northeast>
   </bounds>
  </geometry>
  <place_id>ChIJC-OCOBhwtUARATPhqgTVWSY</place_id>
 </result>
</GeocodeResponse>
