<?xml version="1.0" encoding="UTF-8"?>
<GeocodeResponse>
 <status>OK</status>
 <result>
  <type>locality</type>
  <type>political</type>
  <formatted_address>Brașov, România</formatted_address>
  <address_component>
   <long_name>Brașov</long_name>
   <short_name>Brașov</short_name>
   <type>locality</type>
   <type>political</type>
  </address_component>
  <address_component>
   <long_name>Municipiul Brașov</long_name>
   <short_name>Municipiul Brașov</short_name>
   <type>administrative_area_level_2</type>
   <type>political</type>
  </address_component>
  <address_component>
   <long_name>Județul Brașov</long_name>
   <short_name>BV</short_name>
   <type>administrative_area_level_1</type>
   <type>political</type>
  </address_component>
  <address_component>
   <long_name>România</long_name>
   <short_name>RO</short_name>
   <type>country</type>
   <type>political</type>
  </address_component>
  <geometry>
   <location>
    <lat>45.6579755</lat>
    <lng>25.6011977</lng>
   </location>
   <location_type>APPROXIMATE</location_type>
   <viewport>
    <southwest>
     <lat>45.5828542</lat>
     <lng>25.5144489</lng>
    </southwest>
    <northeast>
     <lat>45.7221020</lat>
     <lng>25.6784767</lng>
    </northeast>
   </viewport>
   <bounds>
    <southwest>
     <lat>45.5828542</lat>
     <lng>25.5144489</lng>
    </southwest>
    <northeast>
     <lat>45.7221020</lat>
     <lng>25.6784767</lng>
    </northeast>
   </bounds>
  </geometry>
  <place_id>ChIJ8RSiKoZbs0ARDx45VO_y9Ww</place_id>
 </result>
</GeocodeResponse>
