<?xml version="1.0" encoding="UTF-8"?>
<GeocodeResponse>
 <status>OK</status>
 <result>
  <type>locality</type>
  <type>political</type>
  <formatted_address>București, România</formatted_address>
  <address_component>
   <long_name>București</long_name>
   <short_name>București</short_name>
   <type>locality</type>
   <type>political</type>
  </address_component>
  <address_component>
   <long_name>Municipiul București</long_name>
   <short_name>Municipiul București</short_name>
   <type>administrative_area_level_2</type>
   <type>political</type>
  </address_component>
  <address_component>
   <long_name>Municipiul București</long_name>
   <short_name>Municipiul București</short_name>
   <type>administrative_area_level_1</type>
   <type>political</type>
  </address_component>
  <address_component>
   <long_name>România</long_name>
   <short_name>RO</short_name>
   <type>country</type>
   <type>political</type>
  </address_component>
  <geometry>
   <location>
    <lat>44.4267674</lat>
    <lng>26.1025384</lng>
   </location>
   <location_type>APPROXIMATE</location_type>
   <viewport>
    <southwest>
     <lat>44.3342445</lat>
     <lng>25.9637001</lng>
    </southwest>
    <northeast>
     <lat>44.5414070</lat>
     <lng>26.2255750</lng>
    </northeast>
   </viewport>
   <bounds>
    <southwest>
     <lat>44.3342445</lat>
     <lng>25.9637001</lng>
    </southwest>
    <northeast>
     <lat>44.5414070</lat>
     <lng>26.2255750</lng>
    </northeast>
   </bounds>
  </geometry>
  <place_id>ChIJT608vzr5sUARKKacfOMyBqw</place_id>
 </result>
</GeocodeResponse>
