<?xml version="1.0" encoding="UTF-8"?>
<GeocodeResponse>
 <status>OK</status>
 <result>
  <type>locality</type>
  <type>political</type>
  <formatted_address>Constanța, România</formatted_address>
  <address_component>
   <long_name>Constanța</long_name>
   <short_name>Constanța</short_name>
   <type>locality</type>
   <type>political</type>
  </address_component>
  <address_component>
   <long_name>Municipiul Constanța</long_name>
   <short_name>Municipiul Constanța</short_name>
   <type>administrative_area_level_2</type>
   <type>political</type>
  </address_component>
  <address_component>
   <long_name>Județul Constanța</long_name>
   <short_name>CT</short_name>
   <type>administrative_area_level_1</type>
   <type>political</type>
  </address_component>
  <address_component>
   <long_name>România</long_name>
   <short_name>RO</short_name>
   <type>country</type>
   <type>political</type>
  </address_component>
  <geometry>
   <location>
    <lat>44.1598013</lat>
    <lng>28.6348138</lng>
   </location>
   <location_type>APPROXIMATE</location_type>
   <viewport>
    <southwest>
     <lat>44.0837549</lat>
     <lng>28.5510205</lng>
    </southwest>
    <northeast>
     <lat>44.2783306</lat>
     <lng>28.7089921</lng>
    </northeast>
   </viewport>
   <bounds>
    <southwest>
     <lat>44.0837549</lat>
     <lng>28.5510205</lng>
    </southwest>
    <northeast>
     <lat>44.2783306</lat>
     <lng>28.7089921</lng>
    </northeast>
   </bounds>
  </geometry>
  <place_id>ChIJKVI0ZErlukARUEhlPs3he2M</place_id>
 </result>
</GeocodeResponse>
