<?xml version="1.0" encoding="UTF-8"?>
<GeocodeResponse>
 <status>OK</status>
 <result>
  <type>locality</type>
  <type>political</type>
  <formatted_address>Craiova, România</formatted_address>
  <address_component>
   <long_name>Craiova</long_name>
   <short_name>Craiova</short_name>
   <type>locality</type>
   <type>political</type>
  </address_component>
  <address_component>
   <long_name>Municipiul Craiova</long_name>
   <short_name>Municipiul Craiova</short_name>
   <type>administrative_area_level_2</type>
   <type>political</type>
  </address_component>
  <address_component>
   <long_name>Județul Dolj</long_name>
   <short_name>DJ</short_name>
   <type>administrative_area_level_1</type>
   <type>political</type>
  </address_component>
  <address_component>
   <long_name>România</long_name>
   <short_name>RO</short_name>
   <type>country</type>
   <type>political</type>
  </address_component>
  <geometry>
   <location>
    <lat>44.3301785</lat>
    <lng>23.7948807</lng>
   </location>
   <location_type>APPROXIMATE</location_type>
   <viewport>
    <southwest>
     <lat>44.2679136</lat>
     <lng>23.7078952</lng>
    </southwest>
    <northeast>
     <lat>44.3784103</lat>
     <lng>23.9054345</lng>
    </northeast>
   </viewport>
   <bounds>
    <southwest>
     <lat>44.2679136</lat>
     <lng>23.7078952</lng>
    </southwest>
    <northeast>
     <lat>44.3784103</lat>
     <lng>23.9054345</lng>
    </northeast>
   </bounds>
  </geometry>
  <place_id>ChIJB81tbQ7XUkcR-Zne2-ryUEY</place_id>
 </result>
</GeocodeResponse>
