<?xml version="1.0" encoding="UTF-8"?>
<GeocodeResponse>
 <status>OK</status>
 <result>
  <type>locality</type>
  <type>political</type>
  <formatted_address>Cristești 547185, România</formatted_address>
  <address_component>
   <long_name>Cristești</long_name>
   <short_name>Cristești</short_name>
   <type>locality</type>
   <type>political</type>
  </address_component>
  <address_component>
   <long_name>Comuna Cristești</long_name>
   <short_name>Comuna Cristești</short_name>
   <type>administrative_area_level_2</type>
   <type>political</type>
  </address_component>
  <address_component>
   <long_name>Județul Mureș</long_name>
   <short_name>MS</short_name>
   <type>administrative_area_level_1</type>
   <type>political</type>
  </address_component>
  <address_component>
   <long_name>România</long_name>
   <short_name>RO</short_name>
   <type>country</type>
   <type>political</type>
  </address_component>
  <address_component>
   <long_name>547185</long_name>
   <short_name>547185</short_name>
   <type>postal_code</type>
  </address_component>
  <geometry>
   <location>
    <lat>46.5036569</lat>
    <lng>24.4915925</lng>
   </location>
   <location_type>APPROXIMATE</location_type>
   <viewport>
    <southwest>
     <lat>46.4956726</lat>
     <lng>24.4645142</lng>
    </southwest>
    <northeast>
     <lat>46.5099124</lat>
     <lng>24.5096505</lng>
    </northeast>
   </viewport>
   <bounds>
    <southwest>
     <lat>46.4956726</lat>
     <lng>24.4645142</lng>
    </southwest>
    <northeast>
     <lat>46.5099124</lat>
     <lng>24.5096505</lng>
    </northeast>
   </bounds>
  </geometry>
  <place_id>ChIJM82ShfPHS0cRUR7x55vaiWw</place_id>
 </result>
</GeocodeResponse>
