<?xml version="1.0" encoding="UTF-8"?>
<DistanceMatrixResponse>
 <status>OK</status>
 <origin_address>Strada Mircea cel Bătrân 56, Brașov, România</origin_address>
 <destination_address>Splaiul 1 Decembrie 1918 36, Lugoj 305500, România</destination_address>
 <row>
  <element>
   <status>OK</status>
   <duration>
    <value>18123</value>
    <text>5 ore 2 min</text>
   </duration>
   <distance>
    <value>392876</value>
    <text>393 km</text>
   </distance>
  </element>
 </row>
</DistanceMatrixResponse>
