<?xml version="1.0" encoding="UTF-8"?>
<GeocodeResponse>
 <status>OK</status>
 <result>
  <type>locality</type>
  <type>political</type>
  <formatted_address>Galați, România</formatted_address>
  <address_component>
   <long_name>Galați</long_name>
   <short_name>Galați</short_name>
   <type>locality</type>
   <type>political</type>
  </address_component>
  <address_component>
   <long_name>Municipiul Galați</long_name>
   <short_name>Municipiul Galați</short_name>
   <type>administrative_area_level_2</type>
   <type>political</type>
  </address_component>
  <address_component>
   <long_name>Județul Galați</long_name>
   <short_name>GL</short_name>
   <type>administrative_area_level_1</type>
   <type>political</type>
  </address_component>
  <address_component>
   <long_name>România</long_name>
   <short_name>RO</short_name>
   <type>country</type>
   <type>political</type>
  </address_component>
  <geometry>
   <location>
    <lat>45.4353208</lat>
    <lng>28.0079945</lng>
   </location>
   <location_type>APPROXIMATE</location_type>
   <viewport>
    <southwest>
     <lat>45.3905241</lat>
     <lng>27.9515362</lng>
    </southwest>
    <northeast>
     <lat>45.4847930</lat>
     <lng>28.1434536</lng>
    </northeast>
   </viewport>
   <bounds>
    <southwest>
     <lat>45.3905241</lat>
     <lng>27.9515362</lng>
    </southwest>
    <northeast>
     <lat>45.4847930</lat>
     <lng>28.1434536</lng>
    </northeast>
   </bounds>
  </geometry>
  <place_id>ChIJtcTyieXetkARK3AtJS8011M</place_id>
 </result>
</GeocodeResponse>
