<?xml version="1.0" encoding="UTF-8"?>
<GeocodeResponse>
 <status>OK</status>
 <result>
  <type>locality</type>
  <type>political</type>
  <formatted_address>Iași, România</formatted_address>
  <address_component>
   <long_name>Iași</long_name>
   <short_name>Iași</short_name>
   <type>locality</type>
   <type>political</type>
  </address_component>
  <address_component>
   <long_name>Județul Iași</long_name>
   <short_name>IS</short_name>
   <type>administrative_area_level_1</type>
   <type>political</type>
  </address_component>
  <address_component>
   <long_name>România</long_name>
   <short_name>RO</short_name>
   <type>country</type>
   <type>political</type>
  </address_component>
  <geometry>
   <location>
    <lat>47.1584549</lat>
    <lng>27.6014418</lng>
   </location>
   <location_type>APPROXIMATE</location_type>
   <viewport>
    <southwest>
     <lat>47.0848371</lat>
     <lng>27.4769569</lng>
    </southwest>
    <northeast>
     <lat>47.2274375</lat>
     <lng>27.6969839</lng>
    </northeast>
   </viewport>
   <bounds>
    <southwest>
     <lat>47.0848371</lat>
     <lng>27.4769569</lng>
    </southwest>
    <northeast>
     <lat>47.2274375</lat>
     <lng>27.6969839</lng>
    </northeast>
   </bounds>
  </geometry>
  <place_id>ChIJu9059nz7ykARPPUmVNqAy3w</place_id>
 </result>
</GeocodeResponse>
