<?xml version="1.0" encoding="UTF-8"?>
<GeocodeResponse>
 <status>OK</status>
 <result>
  <type>locality</type>
  <type>political</type>
  <formatted_address>Lețcani 707280, România</formatted_address>
  <address_component>
   <long_name>Lețcani</long_name>
   <short_name>Lețcani</short_name>
   <type>locality</type>
   <type>political</type>
  </address_component>
  <address_component>
   <long_name>Comuna Lețcani</long_name>
   <short_name>Comuna Lețcani</short_name>
   <type>administrative_area_level_2</type>
   <type>political</type>
  </address_component>
  <address_component>
   <long_name>Județul Iași</long_name>
   <short_name>IS</short_name>
   <type>administrative_area_level_1</type>
   <type>political</type>
  </address_component>
  <address_component>
   <long_name>România</long_name>
   <short_name>RO</short_name>
   <type>country</type>
   <type>political</type>
  </address_component>
  <address_component>
   <long_name>707280</long_name>
   <short_name>707280</short_name>
   <type>postal_code</type>
  </address_component>
  <geometry>
   <location>
    <lat>47.1962413</lat>
    <lng>27.4051596</lng>
   </location>
   <location_type>APPROXIMATE</location_type>
   <viewport>
    <southwest>
     <lat>47.1884876</lat>
     <lng>27.3789597</lng>
    </southwest>
    <northeast>
     <lat>47.2065083</lat>
     <lng>27.4295998</lng>
    </northeast>
   </viewport>
   <bounds>
    <southwest>
     <lat>47.1884876</lat>
     <lng>27.3789597</lng>
    </southwest>
    <northeast>
     <lat>47.2065083</lat>
     <lng>27.4295998</lng>
    </northeast>
   </bounds>
  </geometry>
  <place_id>ChIJHY6ZBS_kykARbxWMUz_QlPc</place_id>
 </result>
</GeocodeResponse>
