<?xml version="1.0" encoding="UTF-8"?>
<GeocodeResponse>
 <status>OK</status>
 <result>
  <type>locality</type>
  <type>political</type>
  <formatted_address>Lugoj, România</formatted_address>
  <address_component>
   <long_name>Lugoj</long_name>
   <short_name>Lugoj</short_name>
   <type>locality</type>
   <type>political</type>
  </address_component>
  <address_component>
   <long_name>Municipiul Lugoj</long_name>
   <short_name>Municipiul Lugoj</short_name>
   <type>administrative_area_level_2</type>
   <type>political</type>
  </address_component>
  <address_component>
   <long_name>Județul Timiș</long_name>
   <short_name>TM</short_name>
   <type>administrative_area_level_1</type>
   <type>political</type>
  </address_component>
  <address_component>
   <long_name>România</long_name>
   <short_name>RO</short_name>
   <type>country</type>
   <type>political</type>
  </address_component>
  <geometry>
   <location>
    <lat>45.6909898</lat>
    <lng>21.9034608</lng>
   </location>
   <location_type>APPROXIMATE</location_type>
   <viewport>
    <southwest>
     <lat>45.6580652</lat>
     <lng>21.8597460</lng>
    </southwest>
    <northeast>
     <lat>45.7162032</lat>
     <lng>21.9655752</lng>
    </northeast>
   </viewport>
   <bounds>
    <southwest>
     <lat>45.6580652</lat>
     <lng>21.8597460</lng>
    </southwest>
    <northeast>
     <lat>45.7162032</lat>
     <lng>21.9655752</lng>
    </northeast>
   </bounds>
  </geometry>
  <place_id>ChIJUSRJVr2-T0cRpPU2PdcdFuk</place_id>
 </result>
</GeocodeResponse>
