<?xml version="1.0" encoding="UTF-8"?>
<GeocodeResponse>
 <status>OK</status>
 <result>
  <type>administrative_area_level_1</type>
  <type>political</type>
  <formatted_address>Județul Mureș, România</formatted_address>
  <address_component>
   <long_name>Județul Mureș</long_name>
   <short_name>MS</short_name>
   <type>administrative_area_level_1</type>
   <type>political</type>
  </address_component>
  <address_component>
   <long_name>România</long_name>
   <short_name>RO</short_name>
   <type>country</type>
   <type>political</type>
  </address_component>
  <geometry>
   <location>
    <lat>46.5569904</lat>
    <lng>24.6723215</lng>
   </location>
   <location_type>APPROXIMATE</location_type>
   <viewport>
    <southwest>
     <lat>46.0750150</lat>
     <lng>23.9577359</lng>
    </southwest>
    <northeast>
     <lat>47.1437990</lat>
     <lng>25.3139161</lng>
    </northeast>
   </viewport>
   <bounds>
    <southwest>
     <lat>46.0750150</lat>
     <lng>23.9577359</lng>
    </southwest>
    <northeast>
     <lat>47.1437990</lat>
     <lng>25.3139161</lng>
    </northeast>
   </bounds>
  </geometry>
  <place_id>ChIJd5E-VUq2S0cR0LbfbkS1jms</place_id>
 </result>
</GeocodeResponse>
