<?xml version="1.0" encoding="UTF-8"?>
<GeocodeResponse>
 <status>OK</status>
 <result>
  <type>locality</type>
  <type>political</type>
  <formatted_address>Oradea, România</formatted_address>
  <address_component>
   <long_name>Oradea</long_name>
   <short_name>Oradea</short_name>
   <type>locality</type>
   <type>political</type>
  </address_component>
  <address_component>
   <long_name>Municipiul Oradea</long_name>
   <short_name>Municipiul Oradea</short_name>
   <type>administrative_area_level_2</type>
   <type>political</type>
  </address_component>
  <address_component>
   <long_name>Județul Bihor</long_name>
   <short_name>BH</short_name>
   <type>administrative_area_level_1</type>
   <type>political</type>
  </address_component>
  <address_component>
   <long_name>România</long_name>
   <short_name>RO</short_name>
   <type>country</type>
   <type>political</type>
  </address_component>
  <geometry>
   <location>
    <lat>47.0465005</lat>
    <lng>21.9189438</lng>
   </location>
   <location_type>APPROXIMATE</location_type>
   <viewport>
    <southwest>
     <lat>47.0070067</lat>
     <lng>21.8425370</lng>
    </southwest>
    <northeast>
     <lat>47.1421829</lat>
     <lng>22.0323515</lng>
    </northeast>
   </viewport>
   <bounds>
    <southwest>
     <lat>47.0070067</lat>
     <lng>21.8425370</lng>
    </southwest>
    <northeast>
     <lat>47.1421829</lat>
     <lng>22.0323515</lng>
    </northeast>
   </bounds>
  </geometry>
  <place_id>ChIJUyN2aONHRkcRRFNd1oakVRs</place_id>
 </result>
</GeocodeResponse>
