<?xml version="1.0" encoding="UTF-8"?>
<GeocodeResponse>
 <status>OK</status>
 <result>
  <type>locality</type>
  <type>political</type>
  <formatted_address>Pașcani, România</formatted_address>
  <address_component>
   <long_name>Pașcani</long_name>
   <short_name>Pașcani</short_name>
   <type>locality</type>
   <type>political</type>
  </address_component>
  <address_component>
   <long_name>Municipiul Pașcani</long_name>
   <short_name>Municipiul Pașcani</short_name>
   <type>administrative_area_level_2</type>
   <type>political</type>
  </address_component>
  <address_component>
   <long_name>Județul Iași</long_name>
   <short_name>IS</short_name>
   <type>administrative_area_level_1</type>
   <type>political</type>
  </address_component>
  <address_component>
   <long_name>România</long_name>
   <short_name>RO</short_name>
   <type>country</type>
   <type>political</type>
  </address_component>
  <geometry>
   <location>
    <lat>47.2411237</lat>
    <lng>26.7233832</lng>
   </location>
   <location_type>APPROXIMATE</location_type>
   <viewport>
    <southwest>
     <lat>47.2268545</lat>
     <lng>26.6983651</lng>
    </southwest>
    <northeast>
     <lat>47.2704647</lat>
     <lng>26.7509794</lng>
    </northeast>
   </viewport>
   <bounds>
    <southwest>
     <lat>47.2268545</lat>
     <lng>26.6983651</lng>
    </southwest>
    <northeast>
     <lat>47.2704647</lat>
     <lng>26.7509794</lng>
    </northeast>
   </bounds>
  </geometry>
  <partial_match>true</partial_match>
  <place_id>ChIJ0Z-7pKczNUcRw8OJwA8PVqY</place_id>
 </result>
</GeocodeResponse>
