<?xml version="1.0" encoding="UTF-8"?>
<GeocodeResponse>
 <status>OK</status>
 <result>
  <type>locality</type>
  <type>political</type>
  <formatted_address>Roman, România</formatted_address>
  <address_component>
   <long_name>Roman</long_name>
   <short_name>Roman</short_name>
   <type>locality</type>
   <type>political</type>
  </address_component>
  <address_component>
   <long_name>Municipiul Roman</long_name>
   <short_name>Municipiul Roman</short_name>
   <type>administrative_area_level_2</type>
   <type>political</type>
  </address_component>
  <address_component>
   <long_name>Județul Neamț</long_name>
   <short_name>NT</short_name>
   <type>administrative_area_level_1</type>
   <type>political</type>
  </address_component>
  <address_component>
   <long_name>România</long_name>
   <short_name>RO</short_name>
   <type>country</type>
   <type>political</type>
  </address_component>
  <geometry>
   <location>
    <lat>46.9333781</lat>
    <lng>26.9265451</lng>
   </location>
   <location_type>APPROXIMATE</location_type>
   <viewport>
    <southwest>
     <lat>46.9121940</lat>
     <lng>26.8972778</lng>
    </southwest>
    <northeast>
     <lat>46.9594016</lat>
     <lng>26.9869280</lng>
    </northeast>
   </viewport>
   <bounds>
    <southwest>
     <lat>46.9121940</lat>
     <lng>26.8972778</lng>
    </southwest>
    <northeast>
     <lat>46.9594016</lat>
     <lng>26.9869280</lng>
    </northeast>
   </bounds>
  </geometry>
  <place_id>ChIJC5BI1Na8ykARW-N7G_UfmWU</place_id>
 </result>
</GeocodeResponse>
