<?xml version="1.0" encoding="UTF-8"?>
<DirectionsResponse>
 <status>OK</status>
 <route>
  <summary>DN24/E581 și DN2/E85</summary>
  <leg>
   <step>
    <travel_mode>DRIVING</travel_mode>
    <start_location>
     <lat>47.1584747</lat>
     <lng>27.6014858</lng>
    </start_location>
    <end_location>
     <lat>47.1548271</lat>
     <lng>27.6042813</lng>
    </end_location>
    <polyline>
     <points>msy~Gi|mgDl@k@fBiBX[vBuBb@c@f@g@DEXWb@e@PQTUVUPQPMFEJEFCDCHCHCFAHCH?FANAP?@?L@J@NBH@HB</points>
    </polyline>
    <duration>
     <value>126</value>
     <text>2 min</text>
    </duration>
    <html_instructions>Mergeți spre &lt;b&gt;sud-est&lt;/b&gt; pe &lt;b&gt;Bulevardul Tudor Vladimirescu&lt;/b&gt;/&lt;b&gt;DN24&lt;/b&gt;/&lt;b&gt;E58&lt;/b&gt;/&lt;b&gt;E583&lt;/b&gt; către &lt;b&gt;Strada Cristofor&lt;/b&gt;</html_instructions>
    <distance>
     <value>470</value>
     <text>0,5 km</text>
    </distance>
   </step>
   <step>
    <travel_mode>DRIVING</travel_mode>
    <start_location>
     <lat>47.1548271</lat>
     <lng>27.6042813</lng>
    </start_location>
    <end_location>
     <lat>47.1546260</lat>
     <lng>27.6029123</lng>
    </end_location>
    <polyline>
     <points>u|x~GwmngDA\@NLbBFt@BRBR@JFT</points>
    </polyline>
    <duration>
     <value>36</value>
     <text>1 min</text>
    </duration>
    <html_instructions>Virați &lt;b&gt;la dreapta&lt;/b&gt; la &lt;b&gt;Aleea Profesor Dimitrie Atanasiu&lt;/b&gt;</html_instructions>
    <distance>
     <value>107</value>
     <text>0,1 km</text>
    </distance>
    <maneuver>turn-right</maneuver>
   </step>
   <step>
    <travel_mode>DRIVING</travel_mode>
    <start_location>
     <lat>47.1546260</lat>
     <lng>27.6029123</lng>
    </start_location>
    <end_location>
     <lat>47.1520337</lat>
     <lng>27.5881827</lng>
    </end_location>
    <polyline>
     <points>m{x~GeengD?P?J?NBXDp@@NBVN|BD^BTNnAF`@r@fFtA~Jp@`FHj@BNp@dFHr@PvA`@~C`@xCv@fGJ|@Fp@Hh@L~@h@hEBT@R?VARAPCTCPGVKZIV</points>
    </polyline>
    <duration>
     <value>141</value>
     <text>2 min</text>
    </duration>
    <html_instructions>Virați ușor &lt;b&gt;la dreapta&lt;/b&gt; pe &lt;b&gt;Bulevardul Profesor Dimitrie Mangeron&lt;/b&gt;</html_instructions>
    <distance>
     <value>1166</value>
     <text>1,2 km</text>
    </distance>
    <maneuver>turn-slight-right</maneuver>
   </step>
   <step>
    <travel_mode>DRIVING</travel_mode>
    <start_location>
     <lat>47.1520337</lat>
     <lng>27.5881827</lng>
    </start_location>
    <end_location>
     <lat>47.1511763</lat>
     <lng>27.5870025</lng>
    </end_location>
    <polyline>
     <points>ekx~GcikgDGRELAD@@RPr@l@TPHJJT@B?B@D?B@D@D@D@B@DBDDFBBB@FDH@F@H@</points>
    </polyline>
    <duration>
     <value>34</value>
     <text>1 min</text>
    </duration>
    <html_instructions>Virați &lt;b&gt;la stânga&lt;/b&gt; la &lt;b&gt;Strada Sfântul Lazăr&lt;/b&gt;</html_instructions>
    <distance>
     <value>151</value>
     <text>0,2 km</text>
    </distance>
    <maneuver>turn-left</maneuver>
   </step>
   <step>
    <travel_mode>DRIVING</travel_mode>
    <start_location>
     <lat>47.1511763</lat>
     <lng>27.5870025</lng>
    </start_location>
    <end_location>
     <lat>47.1469701</lat>
     <lng>27.5836537</lng>
    </end_location>
    <polyline>
     <points>{ex~GwakgDF?\HTHPJVNr@l@b@ZBBfF`E|@p@j@d@TRPN~D~ClA`A</points>
    </polyline>
    <duration>
     <value>75</value>
     <text>1 min</text>
    </duration>
    <html_instructions>Continuați drept înainte pe &lt;b&gt;Strada Nicolina&lt;/b&gt;</html_instructions>
    <distance>
     <value>533</value>
     <text>0,5 km</text>
    </distance>
    <maneuver>straight</maneuver>
   </step>
   <step>
    <travel_mode>DRIVING</travel_mode>
    <start_location>
     <lat>47.1469701</lat>
     <lng>27.5836537</lng>
    </start_location>
    <end_location>
     <lat>46.8007405</lat>
     <lng>27.5659543</lng>
    </end_location>
    <polyline>
     <points>qkw~GyljgDb@\b@Z\VlAfAnBxAbBtAxBdBvAjAB@FF`CdB`Br@`ATd@JFBn@P~C|@hA^h@PH@FBLFd@Pv@`@JFLJVTHHJJVZTTPPV\vExGrE`Gz@hATXTZLPlCxDpAxAh@h@PPLJ\TXPh@^VPh@Z\Tn@`@`BfAhC~AlErCRHpDxBhG~Db@T`@XLFhAr@dC|Ah@^^VZRTNNHv@`@LFND@?F@D@`@FR@J@L?V?`@?rAApB?l@?f@@f@Bh@FLBND@?PHh@X@@n@\`@@xDxBrBhA`@T^RLFj@ZPJjBbAnDrBj@ZjAn@LH`Ah@RLl@Z`Ah@t@`@XPfCpAdB~@zAv@pBjA~@f@`DbBRH|Ax@j@Rp@FF?lA@z@Ad@?J@NFt@`@|@l@nDfCtA|@PFTDT?jAUzA]bB]nBWzCCzBChCA|AAf@?\ApA?DAfEEj@AxFGnCAbBCz@AN?jAHzAThDh@lEp@hDd@D@L@~BVdCPhEj@ZBPDLBHBRJRNB@BBDFDDDHVf@\r@FJV`@JJHFFDFBD@F@b@FbBLV@dAF`@D^PPLPNPPNNLRRXR^P^FPf@bAH^Vf@PZR\Vd@t@h@\NNHf@Nf@JZFp@LTD\@`ATTJtC^`APpEx@xAXpBd@lBl@rFjBlKhDPFdH`CdB`@n@HVBF@L?V@\At@GfBQxBSnDYb@Eb@CvAGf@?d@@RBRBZHb@LXHZLPJJFPL\TTVNLr@r@|D~D^VVNRFNFNDH@`@B`@@LAF?RCl@IhB]dDi@v@O~AQ~@G~@Et@A^?D?F@LBHBDBB@FDFFJLHP\p@Vh@P^FJLNZTPHv@P|InBhFjAlHdBxInBzIxBvTpFfCj@jCn@bB^RBHBJ@H?J@JATATCXGd@Ih@MLErA_@nBm@|PuFhAe@x@U\EXAZDNDNHTPXZ^d@VRTNNFRFRBZBr@FbBJfAJpBJdAJdBD\BZBZDVD|ABVA^En@Mv@QjA[^GlDw@dd@sKbB]fB]f@I`@Ir@Sb@Yr@_@t@c@v@a@lC{A|@e@lAo@PIRG\KXE\Kn@IzBOnC[dSgBxEa@zHo@|@ARBR@ZBV?X?^Cz@Of@Mz@Sp@OtA[zA]|@STERCVA^@RDZFVHb@FTBbABfA?RAH?^Id@OrAg@z@]PCJAN?N@ZHRHTDNDPFNHPJTHHBJ?JAPCHAPENADAF?JBHDHHFHPTbGxHdBrBdAnAPVJRDLBJVlBDZJVLXJLb@`@n@h@\XJDLBJAJCJIRUX_@DMNg@Fu@AcAEg@?Y@U@I@GBKHEHCJ@HBJDn@\f@^\`@HNNZFPZzAhBvJDVJXJNJJPL^JzEx@f@JxDl@`KjBbJvAz@HZ@d@CREZGl@StCiAzBy@t@Q^E~@?bCDjCDr@BZAf@C~@MrAQ`Cs@vB{ApAy@|@WtBa@rHiB^StAuAzEyGd@W^Mn@K~ASrHYtJUfDg@jBBtC|@FB`DzAnFjC^PhAl@nO|HnDfB`QtI|IvEjFhCtAp@j@Xn@VrAn@RNfEtBhCxAf@TZJh@?f@GXKf@c@vCeCnDyCnGmFnBeBr@s@b@k@`BkCdCeErDeGvC_FpC{EnB{CVa@vBsDvDkGxCcE`@_@PK^KpBm@hC}@xAg@`IwC~GaCnCy@~B}@hBq@f@]|AyAvBgCnCcDdAiAb@a@fB_Ah@[bFgBbFyAbLqCvM{AjFkAtCw@nA]b@Mf@I^EnACpECbEWj@AzN{@bAGnBUrH_Ab@G`KsArEu@vB]|BWbAKtAIrCCzAAnFCzDSB?lCS~Is@lKqAlG_@V@ZDTFVD\HnAVTFr@N\FnAB\CLCNGNCj@SHEJGJEHCJEHCJEFEDCFADAH?D?L@TDL@JBLB\HlBv@nIpCpAPZFr@HX?`Kg@dDEhG\lU|AhHDdEIlKG`N]|IKjBIvLOhJQhHF`F\rJz@j_@vG~QhCrHpA`F|@~F~AhLxCfMdDxADhACHApBQjG}@`CYf@KjACjFBlEGx@Cl@GnBYhCw@|C{@lEkAbGgA|Do@h_@oFvJi@rDO`HU~FYlJe@lDQd@AvACd@?lFGfFEzEGlDBh@?fGKfGIdAEjAYTGXMd@[d@i@\g@DIl@cAbA_B^WTUROZWj@[l@ENAN@TD^NlA|@xIpHnA|@VPZNZBl@@b@CbFg@dCU`@C\?X?XD^F^Jh@J`@Bd@A`@El@OzBg@d@S`@YRUV[Vk@T}@Rm@P_@R[V[x@c@|Ak@pGaCbC{@nAWh@GZA^@\D|@Ft@Ht@LtBn@nVjHZJrCF`I^xF\dF^hBL\?l@EnBYrCm@fAWdDo@vAOhCu@nCqAp@]</points>
    </polyline>
    <duration>
     <value>2503</value>
     <text>42 min</text>
    </duration>
    <html_instructions>Continuați pe &lt;b&gt;DJ248&lt;/b&gt;</html_instructions>
    <distance>
     <value>40866</value>
     <text>40,9 km</text>
    </distance>
   </step>
   <step>
    <travel_mode>DRIVING</travel_mode>
    <start_location>
     <lat>46.8007405</lat>
     <lng>27.5659543</lng>
    </start_location>
    <end_location>
     <lat>46.6487524</lat>
     <lng>27.7091102</lng>
    </end_location>
    <polyline>
     <points>sws|Ge~fgDtAm@jAg@DABAD@DC|NaHtFkCnJkEnDaBrEqBnCqAbB{@pAcAbFuD~BcBDE`AYfAHnA\bBh@pABdB]jB{@`DcBl@]nAs@hF{BxEcBl@SfFiBt@a@zB{@l@W`By@nAeArBaC|AaBlAsAjBoBpAcBfAiBb@i@d@y@x@gArBuChBkClAgAbBw@`B_AvAgAfB_CbBaCvAeBhBmBX]vB_CzDyE~EsF`BiB\_@pA}AbGaHbAy@bAg@TKzB_@bJaA`AOz@Qx@_@j@a@x@q@nByAbCuB^_@Ta@f@gA|@aC`@w@h@s@`@m@x@qAfA}ApAuBbB{B`BkCp@s@n@q@jBaBvC_C`CiBfBuArBeBnEaDzDeDxB}AnC_Bl@[z@c@TMtA}@TSn@g@|@w@t@s@lAuAx@aAV_@RY`@g@pA}Av@_ArAyAr@u@hAeAz@u@hCuBvCeCrB}AvBiBbCwB`B}Ax@q@|@u@jAeAh@c@jA{@dAo@vAu@`B{@NI~BkApAo@bCkAnEmB`JqD^O`EeBfGgC~CmA`CgAt@M`ASjDa@`Fa@fAOfCWvAW\MjAa@xBiA`CwA`DqBvBuAhAy@vDwC~CkCPObE}C~@u@pA_AzBgBtAeAr@m@dCeBJGl@e@tBwAhCaBzByArAcAnEcDtAkAl@m@`AiAv@gAt@sAfCoEhGqLZo@Xm@Nc@H[H]Je@~CmPnBqJdH}[Pw@RiAP}ANwA`A}HlByNViBNy@Ns@Lo@tAcE`@_Aj@qAFKv@{AtCmEjA}AtAaBt@qAt@yA|@yAz@kA`@_@bBqAfHcFrHiCx@y@vD_Et@w@h@k@`@e@hD{DvKaMX[zFeGd@_@XOtDeB|CqAhPyGt@[lBw@xGmC|D_BfBs@bGaCr@[XMNKTUNQXc@ZaA\kBn@mDjBkK|C_QXuALk@J]Na@LWLUP[|CkDzA}ApCqCpJcKvEaFrB{BZ]d@g@zA}AJKrD}DvDaExB}BjDqD|CeDv@y@jBqBxB_CxA}A`AeAvA}Al@u@Ze@JO|BwD|@{A\m@~FaK^q@b@u@`@u@dBwCtA_CjAwB`AaBdAkBvAcCtA_CBEf@{@p@kAh@{@lAgBV[NOTWJKPQPOPOTOTSh@]^Sp@]XKHEj@S~A[bAO\GxCe@jDk@nBY`Fy@zB]dBY|@Mp@K</points>
    </polyline>
    <duration>
     <value>995</value>
     <text>17 min</text>
    </duration>
    <html_instructions>Continuați pe &lt;b&gt;DN15D&lt;/b&gt;</html_instructions>
    <distance>
     <value>20900</value>
     <text>20,9 km</text>
    </distance>
   </step>
   <step>
    <travel_mode>DRIVING</travel_mode>
    <start_location>
     <lat>46.6487524</lat>
     <lng>27.7091102</lng>
    </start_location>
    <end_location>
     <lat>46.6420717</lat>
     <lng>27.7169542</lng>
    </end_location>
    <polyline>
     <points>uav{G}|bhDd@Kh@ODAHCDCFCFEHE@ANMdA{@rAuAvB{BdCiCn@q@j@m@jAgA|AeBHIl@q@r@_At@iAHMVc@Zi@`BwDpA{ChAcDh@Y</points>
    </polyline>
    <duration>
     <value>75</value>
     <text>1 min</text>
    </duration>
    <html_instructions>Continuați pe &lt;b&gt;Strada Călugăreni&lt;/b&gt;</html_instructions>
    <distance>
     <value>971</value>
     <text>1,0 km</text>
    </distance>
   </step>
   <step>
    <travel_mode>DRIVING</travel_mode>
    <start_location>
     <lat>46.6420717</lat>
     <lng>27.7169542</lng>
    </start_location>
    <end_location>
     <lat>46.6388575</lat>
     <lng>27.7216016</lng>
    </end_location>
    <polyline>
     <points>}wt{G}mdhD@??@@?@??@@?@?@?@?@?@?@A@??A@??A@?@A@A?A@A?A@A?A?A@A?A?A?A?A?A?A?A?A?A?A?A?A?AJgBt@gBh@oAf@_At@gAZe@T[b@c@h@e@`Ay@z@w@nAuADGDIBG@AX{@X_@</points>
    </polyline>
    <duration>
     <value>84</value>
     <text>1 min</text>
    </duration>
    <html_instructions>La sensul giratoriu, urmați &lt;b&gt;a 2-a&lt;/b&gt; ieșire și rămâneți pe &lt;b&gt;Strada Călugăreni&lt;/b&gt;</html_instructions>
    <distance>
     <value>525</value>
     <text>0,5 km</text>
    </distance>
    <maneuver>roundabout-right</maneuver>
   </step>
   <step>
    <travel_mode>DRIVING</travel_mode>
    <start_location>
     <lat>46.6388575</lat>
     <lng>27.7216016</lng>
    </start_location>
    <end_location>
     <lat>46.6385299</lat>
     <lng>27.7219733</lng>
    </end_location>
    <polyline>
     <points>{ct{G_kehDPSTULKBE@A@C@A?A@??C</points>
    </polyline>
    <duration>
     <value>6</value>
     <text>1 min</text>
    </duration>
    <html_instructions>Rămâneți pe partea &lt;b&gt;dreaptă&lt;/b&gt; pentru a continua spre &lt;b&gt;Bulevardul Traian&lt;/b&gt;</html_instructions>
    <distance>
     <value>47</value>
     <text>47 m</text>
    </distance>
    <maneuver>keep-right</maneuver>
   </step>
   <step>
    <travel_mode>DRIVING</travel_mode>
    <start_location>
     <lat>46.6385299</lat>
     <lng>27.7219733</lng>
    </start_location>
    <end_location>
     <lat>46.6318497</lat>
     <lng>27.7295261</lng>
    </end_location>
    <polyline>
     <points>yat{GimehDPYJMb@_@xAyAlB_CNSHMxBaCNSjA{APW\_@dDcEh@q@JMrCkDjB{B^c@VY`C{CFK`@g@lA_A</points>
    </polyline>
    <duration>
     <value>153</value>
     <text>3 min</text>
    </duration>
    <html_instructions>Intrați pe &lt;b&gt;Bulevardul Traian&lt;/b&gt;</html_instructions>
    <distance>
     <value>942</value>
     <text>0,9 km</text>
    </distance>
    <maneuver>merge</maneuver>
   </step>
   <step>
    <travel_mode>DRIVING</travel_mode>
    <start_location>
     <lat>46.6318497</lat>
     <lng>27.7295261</lng>
    </start_location>
    <end_location>
     <lat>46.6276537</lat>
     <lng>27.7408084</lng>
    </end_location>
    <polyline>
     <points>axr{Gq|fhD@@@?@?@?@?@?@?@A@?@A@??A@A@A@A@C?A@A?A@A?A?A?A?C@A?A?CAC?A?A?AAC?A?AAA?ARs@HOPi@~@{BZu@zBwFdAgCf@y@@?@??A@?@??A@?@??A@A@A?A@A?A@A@A?A?A?A@C?A?A?A?A?A?C?AAA?A?A?AAA?ABiAVoATgARcAZwAViANw@p@aD~@mE`BaI`AkE</points>
    </polyline>
    <duration>
     <value>129</value>
     <text>2 min</text>
    </duration>
    <html_instructions>La sensul giratoriu, continuați drept pe &lt;b&gt;Strada Ștefan cel Mare&lt;/b&gt;&lt;div style=&quot;font-size:0.9em&quot;&gt;Treceți printr-un sens giratoriu&lt;/div&gt;</html_instructions>
    <distance>
     <value>1002</value>
     <text>1,0 km</text>
    </distance>
    <maneuver>roundabout-right</maneuver>
   </step>
   <step>
    <travel_mode>DRIVING</travel_mode>
    <start_location>
     <lat>46.6276537</lat>
     <lng>27.7408084</lng>
    </start_location>
    <end_location>
     <lat>46.5135278</lat>
     <lng>27.8306041</lng>
    </end_location>
    <polyline>
     <points>y}q{GacihDvDeQ`AyEr@iDXqAbB{HhAgFpDyPz@eEz@_E|AgHLm@Le@Lc@Pc@Te@Ta@RWVYb@a@|BmBnC}Bx@q@FEhNeLbAq@x@e@fAo@jAm@pGmDfBaAtAu@tCyAtE{BpAq@lBcAzBkAxAy@lDoB|DwBnGiDvC}AfEyBpBgAxJmFbFoClBeAvAs@XQzCaBnBeAzBkA`CsAzGoDvAw@zDsBdCuApFuCxC_B~A{@|@e@f@Sn@Wj@Q~@WbAUrAUzB[`BQnAO`BUhCYzBW~B[d@GZC^GZGZId@Q`@S^S`@W\UXMXMb@Of@M`@G`@E^A`B?xED~B@bA?d@Af@Ah@E`@E^IXGXGb@Mj@Q`@O`@S^Q\S^WVQr@i@hEqDzHsGlCwB`BwAv@o@~DeDfJuHjOiMdGcF`CqBnAcAzA{@hCwBdCuBhA_AjFmEzAkAbCqBhCyBdIyG|AqAvAkAz@s@r@q@v@w@r@}@nAcB@ClBqC|AiBxAcBh@m@xCiDlFcGtEiFNSlCaDfAoANMLKJKRMPMJEHEXMn@S|Bq@lA_@vAc@~Bq@z@[t@Yh@YNMZQh@e@hA_AfAiAf@m@l@_Ap@oAn@qAz@cBJQJOLOLOXYLKLKHGNKTKJEXK`@IvBa@`Eo@rDm@nB_@vHqAhIoAhL{BpHwA~SyDtGmAjDo@^Gd@Kp@Ox@[f@Wd@Yb@[RSZ[\a@p@}@|C{EpEwGpIaMnCcEj@sAZ}@Pi@Nm@No@P}@Hm@TgBf@}Ex@kIXyCHy@DUBODODQJYJUFMDGHOHINQNKJILEDCHANCJAnBEtCKZCl@Gj@KtA[n@M`@IVETEd@Ch@KnIq@tDYFBB?D@ZBTD</points>
    </polyline>
    <duration>
     <value>810</value>
     <text>14 min</text>
    </duration>
    <html_instructions>Continuați pe &lt;b&gt;Bulevardul Ștefan cel Mare&lt;/b&gt;/&lt;b&gt;DN24&lt;/b&gt;&lt;div style=&quot;font-size:0.9em&quot;&gt;Țineți pe DN24&lt;/div&gt;</html_instructions>
    <distance>
     <value>15140</value>
     <text>15,1 km</text>
    </distance>
   </step>
   <step>
    <travel_mode>DRIVING</travel_mode>
    <start_location>
     <lat>46.5135278</lat>
     <lng>27.8306041</lng>
    </start_location>
    <end_location>
     <lat>46.2276064</lat>
     <lng>27.6689710</lng>
    </end_location>
    <polyline>
     <points>qt{zGgtzhD@@?@@@@@?@@@@@@@@@@?@@@?@?@@@?@?@AB?@?@A@?@A?A@?@A@A@ABCB?DCFANATA`ANbCb@H@jAPpBPz@@x@@v@ANAhC?xEEbD@xC?F?nJAf@?T?Z?PBRDF?ZFfBh@t@`@p@`@ZV`@^^`@VXX`@^l@b@x@P`@b@tAXbAVdADRFVDXDVDd@D^B^LnC@RBh@Dj@Dt@RxCVvDLpANrAf@tDv@dFz@dGtBhO\rBLr@Nn@Lh@Rl@Th@\x@\l@b@r@V\RVTTNNTTNNPLRNXNZP^N`@N\JTD\FTDZB\@pADbCFbDFzEHvn@bAbBBfA@b@A^Az@Az@Cv@Ev@Gj@Ej@GjAMlAQfB[jAUv@Qx@SrDeApBk@jH{BjVeHdGmBz@WxGqBpBe@x@O|@Kf@CvAEfA?~AD|@H~@JvMlBvRtCvO|Bt@Lr@LvAZhAXfAZ~EvApIdCfPxEtEtAtAZtARv@Hv@FR?X@P?V@lCApFEh@?l@@l@Bj@Fh@F|@Lb@H\Jf@Nb@NjEhB~CxAtAd@NDPDJ@F@L@L@N?NAnAKd@ElC[^IZI\Oh@W^UVQfJaGVOTMTMVKPEBALCRC\Cp@?bLFjXVrFDdAB`@@j@HPBRFdEhAzTnGzj@bPvDdAnc@`M~JrCjMnDhAZbMlDvEpArDfA~OtF|WbJpBp@zCfArGxBhKnDp@V`DhAnOnFrDpAfW~IvQlGjRxGpC|@xKzDvP|FpO|FzYzJ~Af@|FnB`Bj@nBr@bErAn]rLbIlClDhARFhBp@nAd@f@Xl@d@\Z`@f@Z`@@@v@xAt@dBbA|BVf@R\LPDHB@BDJHHFHD`@VfBr@@@rAt@rA|@pCjBxIjGXThBrAlClBrEbD`FdDdP~KrUlPfKpHzBnBjA|@lAhAhBzA|@v@hK`JvAnAfb@l^bEpDz^p[ld@t`@|_@j\|MjL~DhDjAfAb@^RTTXn@z@bHlKlIvMzNrTbHnKtZ`e@jJpNxAzBfCvDdCvDj@v@PPRVh@h@|BvBbD|CbJzI`EzDlEdEvLhLpEpDfBdBnAlAzBvBp@p@Z\LRzChFbD~FnIfPdG~JdB`Dh@~@HNp@jAn@tAfA`CjBfDnAxBLTrBvDpA|Bz@`BvCdFn@lA?@@@?@?@?@@@?@@@?@@@?@@?@@?@@?@@`@n@FLHJBDLLNNVR\TPFdE`A~Ct@~MjDbE`A~@TbAV|EjAbFrAbEbApBd@f@LvOlDPDj@NRFD@l@Lb@RDBr@PPF`@J~FtA|Ad@tAXTHh@TnAt@PLVVtApAr@r@fDdDlDhD@@nBjBrCrCv@r@hEfE|AzAvCvCf@b@lAhArAbALNHHHH`@^?@DBDBLDt@z@`A`Al@n@JDvA|@n@\dAn@ZPrAp@BB`Bt@LFv@V^Ld@Nz@Xp@THBP@XBT@R@|APF?\DdAHl@?^B~BRzAPL@xBLD?RBb@BLBfCZP@lBTb@D^DzATTDVFNDJB`@Nb@NpAf@</points>
    </polyline>
    <duration>
     <value>1778</value>
     <text>30 min</text>
    </duration>
    <html_instructions>La sensul giratoriu, urmați &lt;b&gt;prima&lt;/b&gt; ieșire spre &lt;b&gt;DN24&lt;/b&gt;/&lt;b&gt;E581&lt;/b&gt;</html_instructions>
    <distance>
     <value>35876</value>
     <text>35,9 km</text>
    </distance>
    <maneuver>roundabout-right</maneuver>
   </step>
   <step>
    <travel_mode>DRIVING</travel_mode>
    <start_location>
     <lat>46.2276064</lat>
     <lng>27.6689710</lng>
    </start_location>
    <end_location>
     <lat>45.8871223</lat>
     <lng>27.4208282</lng>
    </end_location>
    <polyline>
     <points>qycyGab{gDXKXMF_@BSp@uEFe@pBh@lCv@TFRFhCt@~@XRF`@JtCl@rBb@x@Pr@VXNVNZN|@p@NLxAlAp@n@PPx@z@JX?@ZX~A~AhBfB~CbDnDfDpEvEzDbDnAhAl@f@n@d@@BB?B@NBxBtBl@j@DBt@l@NHt@j@LH|@n@rBvA\PXLz@^vChA\NXP@BvHlFd@Xb@X|@v@hG`HdLtOdC`DzExG|AtBr@bAhBbCpCzD`ErF`R~VFJ^`A?@?@?@?@?@?@@@?B@B?@?@@@?@@@@??@@@@@B@@@@?@?@?@?@?@?@?@A@?l@h@pD~Dl@v@jEdGtGpJhKlNtDbFtBvClDxEvEpGnAhBBBt@tApCzEzL|SpDlGnBhDjB`DhBdD`@r@bBtCzBxDfB|CXf@rDnGn@fAjEtHpCzEbDzFV`@tSh^jIdOxBpDV`@nT~_@pC`FrCnEnC`FFNv@tAhAdBvCfF`ChElCnEnA|BvCjFh@t@^b@^^f@^n@b@VN`@TdC~@lDhAxb@tR~Ap@~Ar@dAb@tAl@j@TvDbBf@TjBv@bBr@tB~@hBv@dBt@|Ap@lBx@bO~FxRvIz^|ObXjLpCjAd@R^PZNTLRLLJRN^^~@hA~JhMdQ|TfC`DtEhGjAnAdArAfBlBjDdDlBfBlEbEtDlDfCbClMzLlH|GnC`CxClBjAr@rBfBbBzAfB`Bf@d@NPJLNRJPNTHPFPJPN\HXHXPv@hAhGLl@HXLb@JVRj@Xp@n@lAlItOnC~EbA|AjAdB\^lDrErDvEtFfHlA|AnA`B@@PRRXPTPVLTJRLRLXJVLZHVL^H\Nv@h@pDPfALj@Np@V~@h@hBn@tBp@`CpAjEd@zAPp@Pv@Ln@`@xBdEtXn@~Dv@vEvBnL|D`Tv@`F~Ff_@lAtHJl@Nv@Hb@VlATbA\pAxAzEZdA^nAZjAl@jCVzAX|ArBvLnA~HrAxInCrPb@pCp@zDp@|C`AbEzBzG~CzLlC`KTt@JZVp@Vj@Zl@^n@Zb@Z^b@`@`@\fEdDfBhB`ItJlCtC`RlRrFvFBH@@@@lE|EpBxB~CfD@BB@JFtKfMnAxAz@|@ZXZXh@^RNRHlAl@xAp@j@XTJdAf@bAf@r@\h@V^Rx@^z@b@v@`@x@`@HDrL|F~GdD~At@dBv@jLpFzBbAtCrAlCpAfCjAfCjApB~@RJzAr@x@^j@X`Ab@hAh@hAj@~@b@~@d@p@Z\RTJrAp@fB~@fB`AHDb@RhG`Dd@VtCzAf@X~A|@dB`ApAr@lAp@bBx@rCvArBfAzBhAbB~@~Ax@`Bz@~BnAdEzBxBnAvAv@dAl@h@X|BrAdCxAfCxAbCxAhC|ArBjAl@^bCvA~BrArBnAjAp@dOxIvEjCtE~BnE~BlBbAx@b@n@\v@b@|@f@pAr@`B|@rBjArBhArBfA`@T~@f@nAp@`B~@p@^nBdApBdA~@d@`CpARJdB|@zBjAnAp@pAp@jAl@|Ax@xAv@nAp@bAf@`Af@`Ah@bAf@~@f@t@\j@XRFt@XZHXDVDZB^Bn@@~@AzAGvDK|CK~CIpCGbDMN?rAENApACfCKxAI|AMlBSbAK~BYdAOlAQ~AU|@M|@MrBWz@O\Eb@Kh@KpA]lCo@pBc@b@GvGeAlDc@~@OtAS~AUrTcDvSqD~GaAnE[pAS~Dm@b@GXEfAQd@Gj@Cp@Bl@Bl@J`@JXLv@b@x@j@\VDDxAjAbCpBxAfAh@b@|BhB`BpA`DfC\XjBxAtBrA|BjB`C~AbCnBXV|@r@b@\FDtDzCbCjBtAfAhFbEf@b@PLNJVPVNTN^PXJNFPDZHLBRDVBV@^Bh@@tA@pMH`CXlJNjID`C@~LFfC@~JJ|NH~ZVd@?|j@b@hNBHAjA@pBHf@Bx@Fj@Dl@FbFz@tAVZFbANN@vB`@|Bb@bM|BRDf@H|E`AvHvAxCj@zAVdDj@jARF@|AV|PtCbIzAdBZdBV~A^hOpC|SzDxEt@vDb@|D\zBLfCFnLf@\HF@D?rFTtBHvAJH?tDN@?@?JEl@F~CPxRv@V@b@BjCJhETpDNzBL`GTbBHpADpB?|@ChBE^A`CGpBItBIJ?fCIlBGDB@?B@@@rAX</points>
    </polyline>
    <duration>
     <value>2185</value>
     <text>36 min</text>
    </duration>
    <html_instructions>Virați &lt;b&gt;la stânga&lt;/b&gt; pe &lt;b&gt;Bulevardul Republicii&lt;/b&gt;/&lt;b&gt;DN24&lt;/b&gt;/&lt;b&gt;E581&lt;/b&gt;&lt;div style=&quot;font-size:0.9em&quot;&gt;Țineți pe DN24/E581&lt;/div&gt;</html_instructions>
    <distance>
     <value>45467</value>
     <text>45,5 km</text>
    </distance>
    <maneuver>turn-left</maneuver>
   </step>
   <step>
    <travel_mode>DRIVING</travel_mode>
    <start_location>
     <lat>45.8871223</lat>
     <lng>27.4208282</lng>
    </start_location>
    <end_location>
     <lat>45.8453944</lat>
     <lng>27.2107401</lng>
    </end_location>
    <polyline>
     <points>oiawGesjfD?@?@?@@@?@@@?@@@@@?@@??@@??@@?@??@@?@?@?pAhABB@@@?DBRZPXP`@Pd@Nd@J\DTFXJr@H|@Dh@Dh@?RFnAFvB@f@DjBFnBFbBD`AHjAFl@Dd@LfALhAJj@Fb@Px@Pt@ZdAL\`@jAh@nAr@vA`@v@Xb@`@h@n@r@X\`@^|@v@|@n@jAn@v@^t@Vn@NRFnAXzBh@vHdBhCj@\HtAZx@Pr@P|A\`ARvAZx@RxAZtAZnAXvA\|@Rv@Pr@PbARx@RnAVlYbGtOnDxCp@dMpCbVrFb@JlDv@hCd@zAPdBJjAB`A?zDIhHSdAAnAXJDB@D@PBVHTJRHr@l@LPT^PRJLFJTb@Th@DPDNBJDZFp@J|@XfD@D?@?@HZLfCRrDBb@t@hJd@zJHlBDv@?h@?h@A`@EjAARIr@Kv@Mp@WnAsAtFq@jCeHjYADe@fBmA`Fu@zC[lAm@`Cy@bDy@`D}@nDw@zCw@tCU|@eA|DENo@fCo@dCu@tCw@xCs@bCyBpIc@`Bq@`Cq@rCc@zA_@tA_@vAi@lBw@rCkAdE}AtFm@pBkAvDgA|D_AhDe@`Bc@zAkA~D{@rCc@xASn@gArDu@jCYbAyAfFkBnGqAfEgAnDgBrFs@zBaAxCM^w@bCw@~B}@fCi@|AaAhCy@vB{@~Bw@lBy@tBeAhCwAhDq@zAqAvCqBpEyA~CyAzC{AbD}@hB{B|ESNA@cApBADEHCHGRMb@GVCPALCNAL?NAXP`CNrAH\tA|MjAnKd@pEd@pEVbCT~B\|CVlCX~EVzBHt@BXf@tELxAHx@bC~TZfCd@vERtBTjCJt@J|@VpCHb@Hb@BFBHBHFJBHFFNRPPNNNHJFLBNBH@F@L?N?VCb@E|ASlBWfAOt@KVGREHCBAnEaBzDwAr@WfAa@z@[n@S^KPENAF?L@H?HBJBFBNHJHFJ@@@?@@@BB@D@JFFBD@B?F@H@LAJAHCJCJGHIPOt@y@v@y@f@m@h@k@PMJIFCJAFAD?F@H@F@FBBBB@BDDDFHBD@B@BFDBHBJBLDT^lCl@vDJf@FZFRNl@Pd@?@FL@BBB@BXl@pHla@Vh@Xl@Xv@Nj@Nr@Nz@RjAPhAlA`Hj@pCZ`BbAjEf@~Bb@jBnBnJtAvGbA`F~@~E~@nFv@`El@bDj@|CFZ\jBf@jCbAvFxEbWPhAZpBRlARjATvARlAX~A^tBn@jDP`A|@fFz@zEv@lEbBjJ^lBx@vE~@bFz@tEp@tDdApFv@hEx@lERdAz@tEBNj@rCF`@Nv@XxANj@d@bBZjANr@Nt@Ht@D\Dh@B`A@n@@bCBfA?dA@zB@|A@rB@pDBzD@xBLnO?|@@T@jD@jC@pA?b@Al@CrAEjBIvCK~DI~CEtAIjDa@lOCtAGdB?TCx@EzACpAE`BEjBGvBExAEtAC|AEjAEjBG`CI~CAp@G|BIjCGpCExAC~@IpDIbDKhDG`DCp@IxCGjCGdCAPOxFo@vWO|FItCErCAJADAJC`@GhAGp@</points>
    </polyline>
    <duration>
     <value>1060</value>
     <text>18 min</text>
    </duration>
    <html_instructions>La sensul giratoriu, urmați &lt;b&gt;prima&lt;/b&gt; ieșire și rămâneți pe &lt;b&gt;DN24&lt;/b&gt;/&lt;b&gt;E581&lt;/b&gt;</html_instructions>
    <distance>
     <value>21898</value>
     <text>21,9 km</text>
    </distance>
    <maneuver>roundabout-right</maneuver>
   </step>
   <step>
    <travel_mode>DRIVING</travel_mode>
    <start_location>
     <lat>45.8453944</lat>
     <lng>27.2107401</lng>
    </start_location>
    <end_location>
     <lat>45.7102484</lat>
     <lng>27.1977952</lng>
    </end_location>
    <polyline>
     <points>udyvGcraeDA@A?A@?@A@?@A@A@ADAB?B?BAB?B?B?B?B@B?B@B?B@B@B@@?@@@?@@??@@?BB@@@@B?@@B?@?B?@?@AB?@ABA?A@?@A?A@??A@A@Aj@QLCNCRA`@CzBCbAEbAAvACjCAnA?fAAD?@?BAFEzC?pC@Z?rCCxEArKKrKE|CEpEKvGGtGE`DCnBA|A?v@?|@?`A?pGG~GGhEEfJInA?@?^@J@\DD@DD@@@@TDTFx@VBBZLfAh@PJLD^LTFNBB?NDXD|@DJ@F?@A@?TCF?\?x@Gf@It@OLCp@KvBa@jB]bBYfAS|AYzCi@jB]xBa@jAWz@SpA_@tAc@TGL@`D_Ar@S|DgA\Mr@St@Qr@Sf@Kp@M^GNCxCY~DWdAGJIdEU~Ca@jAQ~Dw@vCg@zDs@xCk@~B_@jB]rAUv@ORCF@B@@?@?FA~@Ip@EJ?d@Cz@Ar@?bBF@?@?BAHE`EJzBDvBFf@FVBFDBB@?@@ZFzAZ^HbAPhF|@tB`@\Hh@LH@J?r@\b@Vd@Xd@Xb@XjB`AdI~DzBdAp@^BH?@@@lB~@zBhAzHzDjUhLPHj@XnAn@rB~@NFRBt@^tKnFj@XbBz@nB`AjB|@d@TzAj@j@P~@TB@|@Rp@LbAL`@DhAHf@DpLl@~DR|AHlCNzBLnBJ~BL|AHjDRhBH|Id@nAF|BNlBJnAF|BJ|AJlAFlBJpCNxBLnAFlAFlAFnAF~@F~@FzBJzCP~AH~AH|@F~@D~@Fn@BjFXfNr@ZBnH^`BHhCN~@FdAFtBJ|AHzJh@lCNt@BhETtJh@bKh@nAF`ER|CPnCNtAHfGX`AF~BLrCNpBJzAHnAH|ETnAHpBJrCNnDPj@DxCN`CLp@D~CP~AHzJd@dET`I`@XBR@~AHvLp@l@BPAVFtAN</points>
    </polyline>
    <duration>
     <value>670</value>
     <text>11 min</text>
    </duration>
    <html_instructions>La sensul giratoriu, urmați &lt;b&gt;a 3-a&lt;/b&gt; ieșire spre &lt;b&gt;DN2&lt;/b&gt;/&lt;b&gt;E85&lt;/b&gt;</html_instructions>
    <distance>
     <value>15317</value>
     <text>15,3 km</text>
    </distance>
    <maneuver>roundabout-right</maneuver>
   </step>
   <step>
    <travel_mode>DRIVING</travel_mode>
    <start_location>
     <lat>45.7102484</lat>
     <lng>27.1977952</lng>
    </start_location>
    <end_location>
     <lat>45.6877366</lat>
     <lng>27.1983276</lng>
    </end_location>
    <polyline>
     <points>ax~uGga_eDBHDFFFFDFBH@F?FAJEFEBC@EFMD[vAoAz@u@lAsA|@oA~AyBrFyHt@_Af@i@j@e@f@]f@Y^Sd@SXKr@OXGRCXE`@ClBAl@B@B@B?@@@@@@@@@@@@@@?@@@?@@@?@?B?@?@A@?@A@?@A@A@A@A@A@A@C?A@C?CtAEhQFxFFdBB`DALCRCvJD|B@`C@|B@zC@pADVBX@p@Jv@Nj@Rh@VNJXRf@^z@~@X\X^pApBdBlCd@r@`D`FDPFLd@xA</points>
    </polyline>
    <duration>
     <value>251</value>
     <text>4 min</text>
    </duration>
    <html_instructions>La sensul giratoriu, urmați &lt;b&gt;a 2-a&lt;/b&gt; ieșire spre &lt;b&gt;Calea Moldovei&lt;/b&gt;/&lt;b&gt;DN2&lt;/b&gt;/&lt;b&gt;E85&lt;/b&gt;</html_instructions>
    <distance>
     <value>2800</value>
     <text>2,8 km</text>
    </distance>
    <maneuver>roundabout-right</maneuver>
   </step>
   <step>
    <travel_mode>DRIVING</travel_mode>
    <start_location>
     <lat>45.6877366</lat>
     <lng>27.1983276</lng>
    </start_location>
    <end_location>
     <lat>45.3821284</lat>
     <lng>27.0381328</lng>
    </end_location>
    <polyline>
     <points>kkzuGqd_eD?@?@?@?@@D?B@D@B?B@BBB@B@BB@@@B@@@@?H@@?@?@?@??A@?h@`@NJLLFH\ZdB`CdCfDjDzE\b@JNnDtEfBxB|@|@`@`@\Xj@f@^X`Ap@r@b@tIvEx@d@t@^DH@BBB`B`AHFhA|@XR`@^ZXb@`@~AhBDBBBB@FBBDVZNR^f@^l@Xb@\l@`@p@\p@x@fBt@fBr@rBZ`A`@vA^~ANr@Nv@\fB\nBLt@VrA~ArJJj@j@dD\nB`DzQd@nCb@lCBPDZX`BNbABLHf@ZnBPv@@H@D@B@@@@DBHd@RlAHf@Hf@D`@Df@HnAHjAHlAF~@Bl@Fp@JpBDd@Df@Fh@Hh@DZHZFXHXJXJXTb@R`@T^PTRRTTVRPRRPXLVHTFVD^D\@RATA\C\E~B_@xAWvAWjAOz@Mt@K|ASp@Kl@G\CD?PAP?P?N@\BPBP@l@Hn@LbBh@xB~@VH`Bp@NHXNvB`AfB`AlAt@dAp@dBnA`BtAnAbAxBhBtAjArBrBNPb@b@zBnCfBzBl@t@vAnBjBlCxAvBfBhCnDhFzDtF|ElHnDpF`AxA~A|BzA~BtBxCdDxEdFnHxE~GtEvGzGhJv@jAnBrCb@n@z@pALRx@bA|A`CpAnBpHrKdA|A`E`GvE|GDL~@nAHNPT~@rAT\x@lAxAvBr@dAZ\`@j@z@hA\`@|@~@dA`AxDnCjD`ChChB~F`EnOrKtDjCtE`DdCdBnLhIxB|AdCdBpI`GfGfEbGdEnD`CzB|ARX\TzAdA|CtBvBxApClB|F~D|AdA|@n@vCnBxJ|G`Ap@j@^TDjJpG|F~D~CtBj@`@LHxF|DzBzA`HzE~DlCl@`@pA~@tA`AVVjAx@RJPNXNfAf@z@b@\Nt@T~GfDvAn@ZXv@Vb@Hn@Jx@BlBEz@EbFSpFUZCRKlHWJA|IWp@CtCMpFSbI[pEQdAI|B{@bAa@p@]jBeA`@UdBaAbB_AdFuC~CgB|A}@bE}BdE_ChDoB`Ac@`@QZKx@Up@MVGFDdCU`DSbBK`@CbCS`BMHARAf@ElAK|BSBA|CUbF_@bE]jGc@FIf@ETAlQsAp@ErCOLA^AJJP?j@Dn@FTBf@Pb@PRHPJr@b@zAj@z@Z\LD?V?RBRDRB\Bd@@fAA^EZEf@Kd@Mv@URA@?pBo@n@UlBo@XMdA_@h@UROpAe@l@Sb@O^Ob@M`@MVIn@?b@BTBPBNDPDNFNFNFPHXPLHJ^JNvAhCZn@LRJNVZXTHDFDDBJB^LVHZH^DpARx@Lv@Hh@Dp@@b@?HALATIb@Mv@_@FEb@]h@[RKbFuDZ[ZMZIPETER?PAL?P?R?RBT@VBTFTDXHXJVJRLRLRLVPTRh@d@j@f@`D|Cl@p@l@p@V\T\PXT`@@@Vf@FL`@x@^z@^|@^x@lFfMh@rA@Bh@lAh@pATd@Tb@r@fAT^PRf@l@p@r@r@n@v@p@~@x@bAz@`Ax@~BtBl@d@v@n@tCdC~ArAhC|BlL|JbBzAbGbFfA`AdDrCbAx@vAnApC~BlB`Bp@j@vIhHnDnC~AbAlBbAvAl@bEdBhCfAnCjA~BbAhL~EnIjDxCpAdDvAzNnGNNbAf@x@ZLF`Bp@f@Rh@ZjAv@n@l@FDB?PJXZh@j@ZTTNTNTJPJRHRFRF`@LPDJDLBJB`@DX@N@Z@\?t@AbCO`BMtBMd@CLD@?d@CzCMtAA`ABr@F^DZJ\H\Jd@RB@R?`@Rt@`@LJpAz@|AfArDfCJF`EtCt@f@xCtB|AdArBvAnB~APLz@l@jAx@x@h@v@h@|@n@r@f@z@l@lAz@~DpCxDlCpBvAbBjAnBvAx@j@fAt@v@j@tA~@~BbBvCtBl@b@hDdCxB|Av@f@|B`BbBjAfBpApGrEn@b@jAz@FJDHrB|Al@b@p@`@~@n@PJb@ZB?P@hAj@j@RXHd@Lj@Jn@Fn@FX@rCNvBHfCR|@FnAHlAF~@F~@FlAH~@FdAHnAFbG`@|AHlADdA?jEMbKe@fIa@jBIhDQ~BKh@CfCMnBKbAErAEv@C|@@zA@rAFzADv@BbBBn@@v@Bj@@tCJhCJt@DTBTBXD\Dd@HlCr@lF|AvCz@xGnBlH|BjAZ`Cr@tAb@ZHxAb@jAZf@Jr@Lf@F\DLBd@BR?jA@r@?TAb@CNC|@KPCnAW`G}AXIZId@Kp@Q^IVE`AMj@Eb@?bA?r@BR@h@HfCZtOxBvB\nDh@vHbAlGz@vBZtATrCb@jEp@dIjAxBZvBXlBZz@JvAR\FbJpAxIjA~ARn]bFbGx@fUzC~QjC`BRlNjB|Cd@hC\nAPVDlNtBvFv@^HXH\LVLXPTRVTRRVXfAhAv@x@h@l@`A`A~AfBfAhAXVFD`@Rd@LTBzAXJ@nC`@~ATnC^bDd@fH~@t@FvBVn@HLBLBNDJDDBNHHDPNNN\`@^b@JRBBHNFPJVJZHZl@zB^`BH^BnA</points>
    </polyline>
    <duration>
     <value>1852</value>
     <text>31 min</text>
    </duration>
    <html_instructions>La sensul giratoriu, urmați &lt;b&gt;a 2-a&lt;/b&gt; ieșire spre &lt;b&gt;Calea Munteniei&lt;/b&gt;/&lt;b&gt;DN2&lt;/b&gt;/&lt;b&gt;E85&lt;/b&gt;&lt;div style=&quot;font-size:0.9em&quot;&gt;Țineți pe DN2/E85&lt;/div&gt;</html_instructions>
    <distance>
     <value>38730</value>
     <text>38,7 km</text>
    </distance>
    <maneuver>roundabout-right</maneuver>
   </step>
   <step>
    <travel_mode>DRIVING</travel_mode>
    <start_location>
     <lat>45.3821284</lat>
     <lng>27.0381328</lng>
    </start_location>
    <end_location>
     <lat>45.1700585</lat>
     <lng>26.8200573</lng>
    </end_location>
    <polyline>
     <points>iu~sGi{_dDCDADAFAFAF?F@D@F@F@FDDBDB@DBD@Pt@rBvI?@l@lCBDJXLd@Nh@L^Rf@FN@F@B@FFLFJLRT^RTPRTRRNPHTNh@T?@?@?@?@?@@@?@?@@??@?@@??@@??@@?@??@@?@?@??A@?@??A@??A@??A?A@??APBXD^BN@p@BH?xBHP@`BHJ@nBFjDPvDN^BT?X@NBD?H@F@F@PDXFRFTJRHRJVNTRLJhA`AfCvB`BxAl@f@ZZn@p@\b@@@Zd@FJDLb@~@@Dn@|AHPZz@JZHPJPP\\r@vBtD|@|Av@vAb@x@jAtBrBzDJPXf@nAzBrBtDnBjDZj@b@t@t@tArBvDjHrMz@~AbEzHnGhLlDlGvB~DvBxD|DfHhJtPnFtJr@pAvBzDhE`It@nAfB`DxCnFhFnJvD|GrDxG~E~IxD|GxDvGpX~f@zCpFjFrJxB|DvBdETb@~@fBpChFdAnBvAhCpBhDpAxBz@~AdCnEtHdNbCjEvEnI|BdElZxi@|[bl@hHnM^p@nTp`@z]bo@LT?F?@?@@@?@lBfDhDfG@@@@@@@?F@vR|]dGzK~DlHh@z@j@v@l@r@n@l@f@^h@\t@`@f@Rf@Pf@Lp@Lp@HnAHpAF~CHrADv@D|@Jx@Ln@Pj@Rb@P`@Tj@\j@^j@d@h@j@d@j@f@n@d@t@b@v@hAvBbCrER\pAhCfDnGlS``@xArCj@bAj@~@b@r@d@n@p@|@n@t@f@j@VVTTn@j@\Zd@\bAt@\RrDxBnJxFFJb@Xx@h@|@l@xEhCVHbf@lYjYxPhMrHxp@v`@`MnH@D@@@@@@b@V~@h@`Aj@dFxC@@@??@DAlm@h^~FjDp@b@lDtBTJhL~GtJzF~CjBdEdCHDn@^pF`DhHdEnAt@l@\B@?B@D@@B@fAp@h@ZZRjFzC@?B?B?|G~Dv@d@f@XBH?B@??@B@`BdAdBdAlCxA@?@?@?DADBtCdBr@`@|A~@j@Z|BtApCbBVNjHhExKtGjC|ArAx@zA|@|IhFbCxAfFzCn@^`GjD`IxEdGpDDBtDxBjF~CrAt@bHfE`CtAfBdAhO~IfBdA|ChBzD~B`CtAvAx@bBbAlHhE|D`CrBjApBlAvAz@bB`ApBlAv@b@fAn@x@f@j@\pElCdB`AtAx@fAn@rAz@nAz@p@j@bFrEvFdF^ZFF@D?@@@?@LPbBzAf@d@|BrBf@d@PPPRZ`@Vd@@@@@@@F@BFVf@HN^fAV`Ap@tC`@bBRv@d@dBp@dC?R?D@DpAlFRv@T|@J^L`@DHDHDHFJRRJJLLjAp@FBRB\RfAj@fAn@DBnDtBTLfAn@nC~ANHxAz@hBfAbAn@j@Z`@VdAl@^TJHx@d@~@j@z@f@`Aj@`E~BVN`B`AhC|AB?|@j@x@f@hBdA^TdCxAd@Z`@R~@j@BH@BB@fAv@n@\ZTVPb@^@B\`@\^hAlA~@dALNrB~B|AhBxEnFj@n@\`@Z^Z^p@x@</points>
    </polyline>
    <duration>
     <value>1315</value>
     <text>22 min</text>
    </duration>
    <html_instructions>La sensul giratoriu, urmați &lt;b&gt;a 2-a&lt;/b&gt; ieșire spre &lt;b&gt;Strada Mihail Kogalniceanu&lt;/b&gt;/&lt;b&gt;DN2&lt;/b&gt;/&lt;b&gt;E85&lt;/b&gt;&lt;div style=&quot;font-size:0.9em&quot;&gt;Țineți pe DN2/E85&lt;/div&gt;</html_instructions>
    <distance>
     <value>29880</value>
     <text>29,9 km</text>
    </distance>
    <maneuver>roundabout-right</maneuver>
   </step>
   <step>
    <travel_mode>DRIVING</travel_mode>
    <start_location>
     <lat>45.1700585</lat>
     <lng>26.8200573</lng>
    </start_location>
    <end_location>
     <lat>45.1698488</lat>
     <lng>26.8181497</lng>
    </end_location>
    <polyline>
     <points>{gurGkhubD@F@DBFd@`AFPBNBJ@L@X@`@?TAXAXATCRMj@AD?F</points>
    </polyline>
    <duration>
     <value>36</value>
     <text>1 min</text>
    </duration>
    <html_instructions>Urmați rampa &lt;b&gt;E85&lt;/b&gt; către &lt;b&gt;București&lt;/b&gt;/&lt;b&gt;DN10&lt;/b&gt;/&lt;b&gt;Brașov&lt;/b&gt;</html_instructions>
    <distance>
     <value>163</value>
     <text>0,2 km</text>
    </distance>
   </step>
   <step>
    <travel_mode>DRIVING</travel_mode>
    <start_location>
     <lat>45.1698488</lat>
     <lng>26.8181497</lng>
    </start_location>
    <end_location>
     <lat>45.1707672</lat>
     <lng>26.8166024</lng>
    </end_location>
    <polyline>
     <points>qfurGm|tbDOd@o@fB[z@g@vAKHEBC@E@C?G?K@</points>
    </polyline>
    <duration>
     <value>41</value>
     <text>1 min</text>
    </duration>
    <html_instructions>Continuați pe &lt;b&gt;DN2&lt;/b&gt;/&lt;b&gt;E85&lt;/b&gt;</html_instructions>
    <distance>
     <value>166</value>
     <text>0,2 km</text>
    </distance>
   </step>
   <step>
    <travel_mode>DRIVING</travel_mode>
    <start_location>
     <lat>45.1707672</lat>
     <lng>26.8166024</lng>
    </start_location>
    <end_location>
     <lat>45.1365083</lat>
     <lng>26.7912471</lng>
    </end_location>
    <polyline>
     <points>ilurGwrtbD?AA?AAAACAA?A?C?A?A?A?C?A@A?A@A@ABA@?BABA@?BAB?B?B?B?B?@?@?B?@@@?@?@@@?@@@@B?@@@@??@@?@@@@@?@@@\@F@L@NAVAl@Ap@Cd@Cj@IhA?B@D?FOvA_@vC]fCq@pFM~@OdAETGZERIb@SdAGVIXOl@Ql@i@zAiBpEUl@O`@Yx@K^GTERQv@ETEXANCNANAREh@?f@A^@\@V@N@NDVDVBRDPH\JZN^l@jAbAfBr@lAbDtFvA~BdB`C~BvCLNdCzCjC|C~BlCjBpBvB`Cp@x@\b@t@hAPVPZZn@`@v@Xr@d@`AFNrChG`@x@N\LV?BDHDJBD@?d@fAj@nA~@nB^x@b@x@l@dAj@~@f@t@f@n@p@t@l@r@lAnAx@fAb@t@TZLNn@dAhApBf@v@dJvO|IbOz@vAz@pAd@n@TVRRLLLJPJLJLFTLLFJDJBFB^HH@f@F^@~@@jDEjRc@hCEzBGvFGhCGjBEpFIxAEZCPA^EREx@Qn@Sf@Sh@UlAs@lAaAfAcArAuAf@i@rEwE~EeFvF{FvEyEpBwBj@s@RUVa@Zm@Re@Z{@\sAJq@Fg@De@@g@?m@Cq@Gm@Kq@CKeA}GI[K]MSWUQMSEOAYBWD[D</points>
    </polyline>
    <duration>
     <value>368</value>
     <text>6 min</text>
    </duration>
    <html_instructions>La sensul giratoriu, urmați &lt;b&gt;a 4-a&lt;/b&gt; ieșire și rămâneți pe &lt;b&gt;DN2&lt;/b&gt;/&lt;b&gt;E85&lt;/b&gt;</html_instructions>
    <distance>
     <value>6821</value>
     <text>6,8 km</text>
    </distance>
    <maneuver>roundabout-right</maneuver>
   </step>
   <step>
    <travel_mode>DRIVING</travel_mode>
    <start_location>
     <lat>45.1365083</lat>
     <lng>26.7912471</lng>
    </start_location>
    <end_location>
     <lat>45.1250921</lat>
     <lng>26.7585773</lng>
    </end_location>
    <polyline>
     <points>evnrGitobDYVEDOLMJVrAHl@@HPn@Zz@BH\dA@BRz@`BxEz@zBv@xBx@vBv@vBTr@Tt@l@~B`@pB@HBFPZp@lDLv@N`AF`@b@nCD\n@|DP|@RtA^dC^vBZdBZpA^zArAzE|Kba@ZhAvAbFtFdSnArEz@xCRn@fA`ELb@rAzEl@tBDd@JZZfAb@|ALd@Pt@FVDX</points>
    </polyline>
    <duration>
     <value>147</value>
     <text>2 min</text>
    </duration>
    <html_instructions>Virați &lt;b&gt;la stânga&lt;/b&gt; pentru a rămâne pe &lt;b&gt;DN2&lt;/b&gt;/&lt;b&gt;E85&lt;/b&gt;</html_instructions>
    <distance>
     <value>2906</value>
     <text>2,9 km</text>
    </distance>
    <maneuver>turn-left</maneuver>
   </step>
   <step>
    <travel_mode>DRIVING</travel_mode>
    <start_location>
     <lat>45.1250921</lat>
     <lng>26.7585773</lng>
    </start_location>
    <end_location>
     <lat>44.4494285</lat>
     <lng>26.1241245</lng>
    </end_location>
    <polyline>
     <points>ynlrGchibD?BAB?B?B?B?B?B?B@B?@@B?B@@@B@@@B@@@@B@@@B@@?@?B?@?@?B?@?@ABA@A@A@A@A@A@A?A@AL?HAL@NBNDNDNBJDNBLBR@T@P?JAJARCTEPGTIPIRIb@WBAf@]lA}@NKjCqBpCqBjAy@hAu@hAu@t@e@PWn@e@XSJGrA_AHGnBwAfD_Cx@k@hCgBjBsArAaAf@_@fAs@`@YhBqAbAs@h@_@PMHGlCiBfBmA`CgBtByAxHoFxDkCv@k@xB}AfDaCxCwBnA{@lA{@dBkAhCkBrDiCzBaBfAs@rDgClA{@xAgAt@g@xAaA^Yn@c@ZUrA{@|@e@|@a@n@Wn@U~Ag@dAUhB[hAMhAIXAFDF?pB?p@@N@Z@r@Df@DZDZDh@HL@bC^lC`@xCb@x@NvARf@HhARhBVXDrFz@p@LfBVLBlBX|@Fn@BlA?p@?|BBfDGzA?j@?fBAJ?T?l@@r@B`@D^F`@H|@TdBf@n@R|Ab@zAb@tBj@nCx@VFB?B@@?B?HAlDdA|C~@xAb@rBj@v@TZJr@RrEpAZJTFb@LhBh@tA`@tDdAjGfB|JtC|HzB|JtCrTlGhCt@pEpAzC|@lBh@hBl@d@Pn@VfAh@nAt@fAv@x@n@`A|@`A`ARRLNpAzAzAhB~@dAvDrEpDjEjAtADD^b@d@f@t@l@f@^lDtBjCzAj@ZpDtBdBfA~@f@l@ZxFjDnHrEdGrDbGrDxInF`IzEzHzE~H|ErIjFlQvK|InFzD`CjGvDzDbChBfAxOpJdHjEnHpE`I|ErRpL~A`A|HdFjErChEpC`LnHzI|F~HfFhHxEpH~Ed@ZpAz@tObKfR`MvGjEhFhDz@j@~@l@|AdAh@\lAp@LF~@b@x@\tAd@bBh@rBn@\LtDlAhEtAjKhDzAd@NFdBh@pIpCpBn@hGpBxEzA~FlBtAb@xFjBvFfBnH`C|NxE~Bt@fIjC|RnG|GzBfFbB`F`BzBt@pPpFpBp@nBn@FBJDdCt@FB`Cr@~Ad@`@JHBjGhBnGdBlGjBtCx@XH\JfHpBJBvDdAvBj@n@RbEjAlLfDz@T|DhAd@L|Ab@dEjA^JtDfAtA^nCv@xBn@vBl@~@VdD`AjAZl@PLD\HlA^xKzClA\pI`CvLhDd@HdCt@xBl@rPxEvCx@xBn@rA\`EfAHDtHvBrCx@^HpBj@jBh@`Bd@^HfA^jAZrA\tA`@~@Vf@NTFRD^H`@FZD^Dz@H\@h@@Z@fA?B?zE@~@@lGBfL@bD?^@xE?~c@LpD?b@BzBAzNDtIBR?tJ@v@@lE?zJBjJBlGBP?dB@NABF@??@pEBtA?zB?|B@nB?H?N?vB@tA?dA?R?lDBdB?^?R?j@@jA?x@?dA@r@?P?x@?@?@ADE@?lLDFD?@@?hA@tA?R?Z?X?`@?D?dA@XAxABh@?lD@@?DIpA@V?dG?vLDnD?tOFpA?|h@LJ@l@Dx@HVBTFn@Lr@Rr@Px\zIfBd@jR`FxTzFr@RrSlF~SrFxA`@bu@rR~GfBrUfGbR|EtUfGl@NfG`BnAZvFxAhIvBrSlFVFlA\rBh@pBf@bFnApD`AhD~@bBb@vEhARFx@V|Ct@RFXH|Bl@lFtAzDdA|DbAbIrBvHpBZHx@RbG|AbDz@rD`AtA\~Cx@`B`@jCr@hEhArIzBrIzBnFtALDnBf@~DbAFBfAXpBh@n@ND@rA^x@Rp@PnCr@`Bb@jAZhAXlBf@pCr@|DdAxBh@|A`@bAXnBf@fEfAh@NlCp@tEjAl@Pz@VhBj@~CbAjIjCbk@vQ~PrF|Af@lTbH^LbAZvAd@lDfA|IrCj@Rj@Ph@Rl@Rr@TTHHBPHNHb@TNJBD@BBD\Th@d@HFVT\`@\^p@z@f@j@FHBB@@DBHBra@fg@bOtQ`GjH`CtC`AjA^b@^`@^^^X^X^R^Tr@Zh@RZH~LfC~EbAlCh@HBHF|@P^Hf@Jt@NPDf@HvE`ALBfFfAdDp@`E~@B@bB`@rAXrAVb@B^FhATxAXpGrAtBd@HFB@hAX^JlBd@r@N~@N?B?@?@@@?@?@@@?@@??@?@@??@@??@@??@@?@?@@@?@?@?@?@?@A@??A@?@??A@??A?A@??A@ApATnDp@j@@b@JxH|ApAVXHVFXHLDVLRJHDNHNHd@`@h@h@|@lAfAvAd@l@V\\f@p@`A`ApAvAnBdAvAt@bA`@j@vArB`@t@^~@^fA\lAPx@L|@PbAFfADdAL|DFzBF`CBv@Bj@JpDHrC@Td@zN`@jMNnFNnFPhFFlBF|BFnBHzBD|@Fx@@H@VBPD`@Fb@Hd@H`@Lr@p@rCnAnFHVpArFvAbG`C|Jd@nBd@nB~@~D`AfEr@tCNn@xBbJnCjLh@xBFVl@dCR~@Lh@J`@DVFZDXHd@Dd@Fd@Dj@Dd@Bf@BV@^BvABbBH|CNbGBdAALAF?F?NBx@@h@Df@P|AFVJd@@DJ\Nd@Vr@b@r@f@r@VXd@^^Vj@Vl@R\J`AX`Cn@vElAtBl@bDz@J@L?^Jf@P`AXVJr@XtAp@vAx@PHjAt@d@VdBfAz@h@`BbA~FnDjFbDPJ`Aj@pBpArBnAdCzAnBjA\TvAz@d@XTP`B`At@h@XTVV`AfA^d@Zf@R\R^d@bAfAhC|@vB|@zBN^xApDRd@Th@Rh@nAvCf@lAb@hAVl@N\JXRb@h@nAbA`Cz@rB|@vB\|@Rf@L\FJVj@LTNVNRLPHHJLLNRNZVb@Vf@XlAn@ZRRJVNTRb@^^`@PRPVb@l@NVHNDFPZHPBFJVPd@\|@Z|@BF\dAh@xAj@~Al@bBTp@Rf@DJj@~ATp@Vp@rAvDbCzGhA|C|GnR|GlR|BtGzGzQjJdXDHHXpAnD`BrE~AtE`BrE`KjYvBhG`FnNFJrDjKtDhKrDfK|GrRtFrOpFrOtAzD|@dC~@fCZ|@Tn@JTp@vAZj@\j@dAdB`A`BhDrFlFzId@t@rGrKpGpKtGrKtBjDxC`FnGjKvEzHx@rAhBvC^l@lBbDPVXd@`EzGbEvGb@x@~CbFnBbDtA|B`EzGdE`HbAbB~AhCV^TZfArA~BbC|B|Bn@t@h@v@TZR\~@`Bp@|AXz@X~@r@`CPf@Pp@Nh@t@`CX`AV`Az@xCz@xCvBrH|@vCz@xCvBrHnBzGdCnIpAlEXdAzAjFJX^pAh@jBxEbP^rArGvTxBzHrBbH\hAVr@`@z@d@~@r@rAtDzHhD~GzBvErAlC|BzEnAhCrAnCxBpElBzDtApCdD~GzClGXh@lCrFhAzBdAxB`I`PpBdErBdET`@|DbIjFrKdEtIr@xAFLFHt@nAzDrFvGnJzHxKhHlKtC`E|@jAvE|Gb@p@~CnEjFtHv@dAx@x@h@h@z@r@\Rp@`@hCzAvEjClAv@d@b@TPt@x@r@x@|@nAxAnBnCnDzApBpDdF`AnAv@r@~A|AlA`An@^h@ZvAz@xFxCfDhBnDjBlGbDx@d@~CzB~BxAtFbDl@^vHzETLnAz@lDzBp@`@fBjAr@d@j@`@h@d@`@`@FHHJNPFHJL`DpE\f@p@`AvChEjEfG`@n@nAhBz@lAT\rBpCzB|Cz@rAhAbBV^PVDBNRZZZXZRj@Xd@N`@J^FZB`@Bd@@d@Eb@E`@Ib@Kj@Sf@Y`@Y\URMr@m@fCwBj@_@TUfDiCRO`@YZS\UVMPIJEZIBAPGNCHAJAPCJAJ?JAPA`@@^BVDRB`@J`Cz@rCfAf@P|Af@LDRFTDX@\@XAPANERCTGTIPGl@Y^Qb@Yv@c@lAk@h@O\GHCb@Cl@Ap@D^Bn@Nd@Nd@Tr@b@x@j@ZZDBLT\r@Xl@j@lA`@~@t@dBlAfCl@xAHRrAtCr@dBTd@n@tALVPd@P\n@rAl@vAp@xAh@jAv@hB|AjDpAvChMjYP^rBxEjFrL~IjSrG|NdYfo@p@~AfEnJ`GtMtFhMbCnFpVlj@fZhq@j@nAv@fBjAnCtBrEtBbE|@~AbAhBbAbBZh@^n@bC~DvAvBNVXj@`@p@`@r@bA`BPZVd@LXN\Pl@Lb@FPDRDRDXFZD^BZBVBn@Bh@@X?\Ab@?ZC`@AXE^CZETCVOz@Mx@Or@ER]bB{@xE{AbIqA~GsC|NmI~b@ADs@jEIRCDy@`DS|@i@zC_@lBU|AARGf@qBjK{@hESdAKp@Gh@In@Cj@Cv@?v@?~@Br@DhBPpIJvE?NB`ABnA@pA?|@A^?^C^C`@E`@Gf@u@~EYrBw@hFERU|Ak@tDe@dDsBtNaBpKaArG}@fGYlBi@vD]xBcA`HkA`IgAhHOfAAPCVCPCXAZC^Af@?b@AP?v@EzG?r@Af@Cz@Cn@Gt@E`@EXShAK^Md@c@jAyApDwFlNCHAHAH?FAF?F?J@RDRBHHLV\LPZXbBpBnEjFb@l@hBtCl@|@^l@HLPRZ^NN`@`@|@t@bAx@hA`A|@x@B@RTTVRZ^j@Xl@`@~@dAdCrD|IvBnFpAbDdC~F`DtHr@`Bh@tAxAlD|AtDhEjKvBjF|@xBFLFNvChHv@lBbE`KpGvOzAtDl@zAVj@zBrFlDvIVn@Zr@pA`DdAhCJVBPHZt@jBLZN^FTDHHVR`@d@lAh@pAFLFPTf@Xl@Rf@bAbCVl@vAfDPb@N`@Vl@bChGJV@@@@D@D?LZd@fAp@bB`AbCR`@dBjEBHjBtEv@pBNVtEbLr@bBr@`BfDpIz@lBPd@@D?@Rp@FLHTfAjCfAlCt@dBVj@fAnChAnCPb@@Df@fAHVFLfAlCfAjChAnCj@rAZx@hAlC|CpHHPb@hAP^Pd@f@jA^z@tAhD~@xB|@xBp@~AL\~@|B~@|Bz@nBnDtItAlDFPVf@hApCrC~GpCzGVl@n@|ArE`L`@~@L\rAbD|BtFnAzCr@bBz@rB|CvHnAxC`B|DxBpFxBnFRd@\`APd@`A|BR`@N^x@tBrA`DRh@r@bBv@lBl@vAFL\z@nA|C`B`ENZTh@x@nBdAhCr@bBz@tBXr@f@nA`AbCv@lBHRJPj@vAb@bATj@t@dBVn@d@hAFLt@fB\x@Rf@Nd@l@zABDP\LXTh@FPL\DNFTFZfB|H~@fERz@xAzGFTFXVhAH`@BLJf@p@rCHXN`@lBrFZx@p@lB^dAr@rB|@hCbA`CZt@LXJVBJRb@N\Th@d@fAn@tAx@nBT`@`@t@R\T^Zb@PTTXRTRTPRRPd@d@b@\f@^zA`An@`@JHZTbAt@JJh@^FBD@P@j@@d@@N@P@RDJB`@Jj@Tf@TrBbAvAx@VPj@Z`Aj@fCzAnElCXNz@d@\VpCfBzA~@h@^ZRf@Xd@ZLHXR`C~Az@d@f@^jBpAJFB@DBJFzA~@bAt@LHZRlAv@nAz@TPh@^h@d@j@n@d@h@HJHTHL@DBFBFDDBDB@HHHBJDL@</points>
    </polyline>
    <duration>
     <value>5002</value>
     <text>1 oră 23 min</text>
    </duration>
    <html_instructions>La sensul giratoriu, urmați &lt;b&gt;a 2-a&lt;/b&gt; ieșire și rămâneți pe &lt;b&gt;DN2&lt;/b&gt;/&lt;b&gt;E85&lt;/b&gt;</html_instructions>
    <distance>
     <value>102164</value>
     <text>102 km</text>
    </distance>
    <maneuver>roundabout-right</maneuver>
   </step>
   <step>
    <travel_mode>DRIVING</travel_mode>
    <start_location>
     <lat>44.4494285</lat>
     <lng>26.1241245</lng>
    </start_location>
    <end_location>
     <lat>44.4380010</lat>
     <lng>26.1143904</lng>
    </end_location>
    <polyline>
     <points>}ohnGwjm~CTBJ@J@NDPDb@JRFPHb@Vd@ZLJp@b@p@h@j@`@p@l@RRhEdEfCfC`GvF`@^d@b@ZT^VVT|BfBlDtCfAz@jDxCNNzApAxAvAZZp@l@VRFHFD|@t@XXhAr@v@f@</points>
    </polyline>
    <duration>
     <value>229</value>
     <text>4 min</text>
    </duration>
    <html_instructions>Continuați drept înainte pe &lt;b&gt;Calea Moșilor&lt;/b&gt;/&lt;b&gt;DN2&lt;/b&gt;/&lt;b&gt;E60&lt;/b&gt;/&lt;b&gt;E85&lt;/b&gt;</html_instructions>
    <distance>
     <value>1493</value>
     <text>1,5 km</text>
    </distance>
    <maneuver>straight</maneuver>
   </step>
   <step>
    <travel_mode>DRIVING</travel_mode>
    <start_location>
     <lat>44.4380010</lat>
     <lng>26.1143904</lng>
    </start_location>
    <end_location>
     <lat>44.4327201</lat>
     <lng>26.1120122</lng>
    </end_location>
    <polyline>
     <points>ohfnG}mk~CNHNHNDD@B?l@LzBBXB\Ff@TLHPJDDXVr@p@BDhAdAHDj@\p@^lDfB`@TH?D?bALF@D?H@R?L?`@?R?F?H@JB</points>
    </polyline>
    <duration>
     <value>138</value>
     <text>2 min</text>
    </duration>
    <html_instructions>Continuați drept înainte pe &lt;b&gt;Strada Mântuleasa&lt;/b&gt;</html_instructions>
    <distance>
     <value>630</value>
     <text>0,6 km</text>
    </distance>
    <maneuver>straight</maneuver>
   </step>
   <step>
    <travel_mode>DRIVING</travel_mode>
    <start_location>
     <lat>44.4327201</lat>
     <lng>26.1120122</lng>
    </start_location>
    <end_location>
     <lat>44.4323415</lat>
     <lng>26.1113074</lng>
    </end_location>
    <polyline>
     <points>ogenGa_k~CBFVn@^v@NZ</points>
    </polyline>
    <duration>
     <value>15</value>
     <text>1 min</text>
    </duration>
    <html_instructions>Virați &lt;b&gt;la dreapta&lt;/b&gt; pe &lt;b&gt;Calea Călărași&lt;/b&gt;</html_instructions>
    <distance>
     <value>70</value>
     <text>70 m</text>
    </distance>
    <maneuver>turn-right</maneuver>
   </step>
   <step>
    <travel_mode>DRIVING</travel_mode>
    <start_location>
     <lat>44.4323415</lat>
     <lng>26.1113074</lng>
    </start_location>
    <end_location>
     <lat>44.4289135</lat>
     <lng>26.1039730</lng>
    </end_location>
    <polyline>
     <points>ceenGuzj~Cr@xAl@pA|AjDHRh@xA`@dAn@fBtAtDL\HVBF@B@DDJL\p@vBjB|Fl@zBPl@</points>
    </polyline>
    <duration>
     <value>159</value>
     <text>3 min</text>
    </duration>
    <html_instructions>Continuați drept înainte pe &lt;b&gt;Bulevardul Corneliu Coposu&lt;/b&gt;</html_instructions>
    <distance>
     <value>697</value>
     <text>0,7 km</text>
    </distance>
    <maneuver>straight</maneuver>
   </step>
   <step>
    <travel_mode>DRIVING</travel_mode>
    <start_location>
     <lat>44.4289135</lat>
     <lng>26.1039730</lng>
    </start_location>
    <end_location>
     <lat>44.4291534</lat>
     <lng>26.1017682</lng>
    </end_location>
    <polyline>
     <points>uodnGyli~C@|AGh@CZGn@]bF</points>
    </polyline>
    <duration>
     <value>41</value>
     <text>1 min</text>
    </duration>
    <html_instructions>Continuați pe &lt;b&gt;Strada Halelor&lt;/b&gt;/&lt;b&gt;DN6&lt;/b&gt;/&lt;b&gt;E70&lt;/b&gt;</html_instructions>
    <distance>
     <value>178</value>
     <text>0,2 km</text>
    </distance>
   </step>
   <step>
    <travel_mode>DRIVING</travel_mode>
    <start_location>
     <lat>44.4291534</lat>
     <lng>26.1017682</lng>
    </start_location>
    <end_location>
     <lat>44.4269569</lat>
     <lng>26.1009924</lng>
    </end_location>
    <polyline>
     <points>eqdnGa_i~CrAnBBBDDPB`@Db@BpENJ@`@@</points>
    </polyline>
    <duration>
     <value>71</value>
     <text>1 min</text>
    </duration>
    <html_instructions>Virați &lt;b&gt;la stânga&lt;/b&gt; pe &lt;b&gt;Splaiul Independenței&lt;/b&gt;/&lt;b&gt;DN6&lt;/b&gt;/&lt;b&gt;E70&lt;/b&gt;</html_instructions>
    <distance>
     <value>264</value>
     <text>0,3 km</text>
    </distance>
    <maneuver>turn-left</maneuver>
   </step>
   <step>
    <travel_mode>DRIVING</travel_mode>
    <start_location>
     <lat>44.4269569</lat>
     <lng>26.1009924</lng>
    </start_location>
    <end_location>
     <lat>44.4265892</lat>
     <lng>26.1027819</lng>
    </end_location>
    <polyline>
     <points>ocdnGezh~C`@@?SDiC@I?E@E@G@E@C@C@ABCJMHMHSBW@SASCK?ECCIOAA</points>
    </polyline>
    <duration>
     <value>31</value>
     <text>1 min</text>
    </duration>
    <html_instructions>Virați &lt;b&gt;la stânga&lt;/b&gt; pe &lt;b&gt;Bulevardul Unirii&lt;/b&gt;/&lt;b&gt;Piața Unirii&lt;/b&gt;/&lt;b&gt;E81&lt;/b&gt;&lt;div style=&quot;font-size:0.9em&quot;&gt;Destinația va fi pe stânga&lt;/div&gt;</html_instructions>
    <distance>
     <value>176</value>
     <text>0,2 km</text>
    </distance>
    <maneuver>turn-left</maneuver>
   </step>
   <duration>
    <value>20556</value>
    <text>5 ore 43 min</text>
   </duration>
   <distance>
    <value>388516</value>
    <text>389 km</text>
   </distance>
   <start_location>
    <lat>47.1584747</lat>
    <lng>27.6014858</lng>
   </start_location>
   <end_location>
    <lat>44.4265892</lat>
    <lng>26.1027819</lng>
   </end_location>
   <start_address>Bulevardul Tudor Vladimirescu 40-42, Iași 700259, România</start_address>
   <end_address>Bulevardul Unirii 14, București 030167, România</end_address>
  </leg>
  <copyrights>Date hartă ©2018 Google</copyrights>
  <overview_polyline>
   <points>msy~Gi|mgDlUqPfOvoAbDdYzm@~d@xkBhuAfjB`r@n~ApChS|MvjAv`@fk@tJnj@nFtjAlW`d@iJxxA}MztAiU~YBlZ~YdCeGfWnXlt@\rm@iY|i@t@ddAhh@rShKfWyPrp@saAz|@ce@noDob@xh@kBntAjIfrAw@frBl_@zu@wGxaCqR`e@qKtY`Ld\oBp[kRdiAbN`aAa_@vx@gYfu@qd@th@sl@lw@}h@jqAwoAhzAsgA~{@kW~q@qg@hi@aq@v^_nB|q@sr@roAmz@p\_w@|s@yw@vkAacB`s@{Qhe@kn@xTk^vi@ip@lo@qmCjc@in@~aA_i@j~BccAdo@eIhfCwsBtbAa{@tMqQjdB}Zhg@_q@lGud@lj@oGjBGldApM|TzyA`_BlKbpAw\xmAdNp}A`\x[_Mb~@jBtdLvrD`aB`~@piClqBxcCbvB`jAveBvqA~wAlr@xjAtUv_@tmB|i@~}@lw@hn@~H`VoAfXhL~~@jv@ttAldBv~EjaI`gEppB|_CjcCxw@pvArp@flD|r@fyCnfBtcBfsEr_ClmB~dAvkAfHfdC__@~nAb}@jfEpHdjD~k@niC~HjJro@~QvYri@pMtvC|f@tKn`AyoBvhHeb@h_AhAb\pVhyB|u@}Px~@npEnd@tdCw@v~B{HzwCryCyCtwAqNxhAiMl}@dVniAtj@ro@zGfyBfLtbF~Qjb@}Y`fAAfy@t`Axi@`f@jZ`|AlKjh@xk@DraBxkBx_BxyB`wDjjCnk@|_@js@jFpdAgRjn@uTbtAaC~f@cJfZ`Oz\iG~i@d{@|_Avx@`bB`{@x\rOl]Kff@|[~yAheAdeA`PlkB~Bbj@|MrYeFrbFxq@bsA`a@jP`UjOd_@dDL|m@fRzx@t{ApnJ|zPx]~Fr[xc@vg@zw@tlDrtB`eCfyAnv@dd@nsF|lDnRbi@xcAbm@pd@pg@{EvOsEvg@}H|d@px@jnAvw@toAjrAiHfi@up@eFmTnRn~@`s@vmCpaB}bA`wAiy@piAvJf~@tSxdBdg@hc@vc@lrFtgD|zDhwB`tIliCbzA~^h~DdAtu@PdvClNdlMffDdxDljAzqAtzAvgBla@`[~FrWx\zFzl@l\lpCxO`nAht@z_@lbA|`AbnAtpCx}BjdGduBdfD|cAfjD`sBl_EvfBpsBdeBvsAnUbXbTaIfb@iAdOqEjPjJ|uChuGj`AdsBc`@|{Bge@~~E_Jp\nZ~]~uAtdD|hAhpCvxB|lFn_A`nCpwAp~@vsAlgA`_@vNbZnaAhIqI</points>
  </overview_polyline>
  <bounds>
   <southwest>
    <lat>44.4265892</lat>
    <lng>26.1010909</lng>
   </southwest>
   <northeast>
    <lat>47.1584747</lat>
    <lng>27.8306325</lng>
   </northeast>
  </bounds>
 </route>
 <geocoded_waypoint>
  <geocoder_status>OK</geocoder_status>
  <type>street_address</type>
  <place_id>EjtCdWxldmFyZHVsIFR1ZG9yIFZsYWRpbWlyZXNjdSA0MC00MiwgSWHImWkgNzAwMjU5LCBSb23Dom5pYQ</place_id>
 </geocoded_waypoint>
 <geocoded_waypoint>
  <geocoder_status>OK</geocoder_status>
  <type>street_address</type>
  <place_id>ChIJE2IVtRX_sUARSZX2a2cXx3E</place_id>
 </geocoded_waypoint>
</DirectionsResponse>
