<?xml version="1.0" encoding="UTF-8"?>
<GeocodeResponse>
 <status>OK</status>
 <result>
  <type>locality</type>
  <type>political</type>
  <formatted_address>Sibiu, România</formatted_address>
  <address_component>
   <long_name>Sibiu</long_name>
   <short_name>Sibiu</short_name>
   <type>locality</type>
   <type>political</type>
  </address_component>
  <address_component>
   <long_name>Municipiul Sibiu</long_name>
   <short_name>Municipiul Sibiu</short_name>
   <type>administrative_area_level_2</type>
   <type>political</type>
  </address_component>
  <address_component>
   <long_name>Județul Sibiu</long_name>
   <short_name>SB</short_name>
   <type>administrative_area_level_1</type>
   <type>political</type>
  </address_component>
  <address_component>
   <long_name>România</long_name>
   <short_name>RO</short_name>
   <type>country</type>
   <type>political</type>
  </address_component>
  <geometry>
   <location>
    <lat>45.7983273</lat>
    <lng>24.1255826</lng>
   </location>
   <location_type>APPROXIMATE</location_type>
   <viewport>
    <southwest>
     <lat>45.7243978</lat>
     <lng>24.0631485</lng>
    </southwest>
    <northeast>
     <lat>45.8415964</lat>
     <lng>24.2165279</lng>
    </northeast>
   </viewport>
   <bounds>
    <southwest>
     <lat>45.7243978</lat>
     <lng>24.0631485</lng>
    </southwest>
    <northeast>
     <lat>45.8415964</lat>
     <lng>24.2165279</lng>
    </northeast>
   </bounds>
  </geometry>
  <place_id>ChIJ1Rws_YhnTEcRtJAzTiGd3jo</place_id>
 </result>
</GeocodeResponse>
