<?xml version="1.0" encoding="UTF-8"?>
<GeocodeResponse>
 <status>OK</status>
 <result>
  <type>locality</type>
  <type>political</type>
  <formatted_address>Slobozia, România</formatted_address>
  <address_component>
   <long_name>Slobozia</long_name>
   <short_name>Slobozia</short_name>
   <type>locality</type>
   <type>political</type>
  </address_component>
  <address_component>
   <long_name>Municipiul Slobozia</long_name>
   <short_name>Municipiul Slobozia</short_name>
   <type>administrative_area_level_2</type>
   <type>political</type>
  </address_component>
  <address_component>
   <long_name>Județul Ialomița</long_name>
   <short_name>IL</short_name>
   <type>administrative_area_level_1</type>
   <type>political</type>
  </address_component>
  <address_component>
   <long_name>România</long_name>
   <short_name>RO</short_name>
   <type>country</type>
   <type>political</type>
  </address_component>
  <geometry>
   <location>
    <lat>44.5628889</lat>
    <lng>27.3613656</lng>
   </location>
   <location_type>APPROXIMATE</location_type>
   <viewport>
    <southwest>
     <lat>44.5483989</lat>
     <lng>27.3253155</lng>
    </southwest>
    <northeast>
     <lat>44.5835598</lat>
     <lng>27.4136353</lng>
    </northeast>
   </viewport>
   <bounds>
    <southwest>
     <lat>44.5483989</lat>
     <lng>27.3253155</lng>
    </southwest>
    <northeast>
     <lat>44.5835598</lat>
     <lng>27.4136353</lng>
    </northeast>
   </bounds>
  </geometry>
  <place_id>ChIJeecmsw1RsEARcSaoWJ4tbaE</place_id>
 </result>
</GeocodeResponse>
