<?xml version="1.0" encoding="UTF-8"?>
<GeocodeResponse>
 <status>OK</status>
 <result>
  <type>locality</type>
  <type>political</type>
  <formatted_address>Timișoara, România</formatted_address>
  <address_component>
   <long_name>Timișoara</long_name>
   <short_name>Timișoara</short_name>
   <type>locality</type>
   <type>political</type>
  </address_component>
  <address_component>
   <long_name>Municipiul Timișoara</long_name>
   <short_name>Municipiul Timișoara</short_name>
   <type>administrative_area_level_2</type>
   <type>political</type>
  </address_component>
  <address_component>
   <long_name>Județul Timiș</long_name>
   <short_name>TM</short_name>
   <type>administrative_area_level_1</type>
   <type>political</type>
  </address_component>
  <address_component>
   <long_name>România</long_name>
   <short_name>RO</short_name>
   <type>country</type>
   <type>political</type>
  </address_component>
  <geometry>
   <location>
    <lat>45.7488716</lat>
    <lng>21.2086793</lng>
   </location>
   <location_type>APPROXIMATE</location_type>
   <viewport>
    <southwest>
     <lat>45.6838101</lat>
     <lng>21.1353780</lng>
    </southwest>
    <northeast>
     <lat>45.7983190</lat>
     <lng>21.2978016</lng>
    </northeast>
   </viewport>
   <bounds>
    <southwest>
     <lat>45.6838101</lat>
     <lng>21.1353780</lng>
    </southwest>
    <northeast>
     <lat>45.7983190</lat>
     <lng>21.2978016</lng>
    </northeast>
   </bounds>
  </geometry>
  <place_id>ChIJp7UPy31nRUcRSWeTc2Svf1M</place_id>
 </result>
</GeocodeResponse>
