<?xml version="1.0" encoding="UTF-8"?>
<GeocodeResponse>
 <status>OK</status>
 <result>
  <type>locality</type>
  <type>political</type>
  <formatted_address>Vaslui, România</formatted_address>
  <address_component>
   <long_name>Vaslui</long_name>
   <short_name>Vaslui</short_name>
   <type>locality</type>
   <type>political</type>
  </address_component>
  <address_component>
   <long_name>Municipiul Vaslui</long_name>
   <short_name>Municipiul Vaslui</short_name>
   <type>administrative_area_level_2</type>
   <type>political</type>
  </address_component>
  <address_component>
   <long_name>Județul Vaslui</long_name>
   <short_name>VS</short_name>
   <type>administrative_area_level_1</type>
   <type>political</type>
  </address_component>
  <address_component>
   <long_name>România</long_name>
   <short_name>RO</short_name>
   <type>country</type>
   <type>political</type>
  </address_component>
  <geometry>
   <location>
    <lat>46.6406915</lat>
    <lng>27.7276468</lng>
   </location>
   <location_type>APPROXIMATE</location_type>
   <viewport>
    <southwest>
     <lat>46.6157827</lat>
     <lng>27.7077770</lng>
    </southwest>
    <northeast>
     <lat>46.6689939</lat>
     <lng>27.7493192</lng>
    </northeast>
   </viewport>
   <bounds>
    <southwest>
     <lat>46.6157827</lat>
     <lng>27.7077770</lng>
    </southwest>
    <northeast>
     <lat>46.6689939</lat>
     <lng>27.7493192</lng>
    </northeast>
   </bounds>
  </geometry>
  <place_id>ChIJAYu_83BzykARhrIWlkC3zVM</place_id>
 </result>
</GeocodeResponse>
