<?xml version="1.0" encoding="UTF-8"?>
<project-private xmlns="http://www.netbeans.org/ns/project-private/1">
    <editor-bookmarks xmlns="http://www.netbeans.org/ns/editor-bookmarks/2" lastBookmarkId="0"/>
    <open-files xmlns="http://www.netbeans.org/ns/projectui-open-files/2">
        <group>
            <file>file:/E:/Facultate/Licenta/Interfata/SimpleCalc/src/TransportPublic/TransportPublic.java</file>
            <file>file:/E:/Facultate/Licenta/Interfata/SimpleCalc/src/CalcForm.java</file>
            <file>file:/E:/Facultate/Licenta/Interfata/SimpleCalc/src/Main.java</file>
            <file>file:/E:/Facultate/Licenta/Interfata/SimpleCalc/src/MersulTrenurilor/MersulTrenurilor.java</file>
        </group>
    </open-files>
</project-private>
